season,team_name,player_name,tackles_made,missed_tackles,ineffective_tackles,minutes_played,games_played,position,mins,tackle_failure_rate,rank_back7_tackle_failure
2023,St. George Illawarra Dragons,Sione Finau,0,1,0,25,1,Winger,25,100.00 %,1
2024,Gold Coast Titans,Tony Francis,0,4,1,35,7,Winger,24,100.00 %,1
2023,St. George Illawarra Dragons,Paul Turner,2,4,1,53,1,Fullback,53,71.43 %,2
2023,North Queensland Cowboys,Robert Derby,1,2,0,80,1,Winger,80,66.67 %,1
2024,Gold Coast Titans,Jaylan De Groot,2,3,1,80,3,Fullback,80,66.67 %,2
2025,South Sydney Rabbitohs,Mikaele Ravalawa,6,8,3,208,3,Winger,208,64.71 %,1
2024,Wests Tigers,Alex Lobb,5,6,1,172,4,Winger,160,58.33 %,1
2023,North Queensland Cowboys,Brendan Elliot,3,3,1,160,10,Winger,160,57.14 %,2
2024,Melbourne Storm,Dean Ieremia,3,4,0,145,3,Winger,80,57.14 %,1
2024,Canberra Raiders,Chevy Stewart,10,11,2,250,3,Fullback,250,56.52 %,1
2025,St. George Illawarra Dragons,Sione Finau,7,4,4,319,6,Winger,296,53.33 %,1
2025,North Queensland Cowboys,Semi Valemei,17,15,1,320,4,Winger,320,48.48 %,1
2023,St. George Illawarra Dragons,Tautau Moga,9,4,4,226,4,Winger,146,47.06 %,3
2025,Canberra Raiders,Utuloa Asomua,8,5,2,80,1,Winger,80,46.67 %,1
2023,Warriors,Taine Tuaupiki,14,7,5,319,16,Fullback,240,46.15 %,1
2023,Parramatta Eels,Arthur Miller-Stephen,6,5,0,80,1,Winger,80,45.45 %,1
2024,South Sydney Rabbitohs,Tyrone Munro,11,7,2,259,4,Winger,259,45.00 %,1
2024,Parramatta Eels,Lorenzo Mulitalo,5,4,0,80,1,Winger,80,44.44 %,1
2025,Wests Tigers,Jeral Skelton,30,21,2,1113,15,Winger,1113,43.40 %,1
2025,Canberra Raiders,Albert Hopoate,4,3,0,80,2,Winger,80,42.86 %,2
2025,Gold Coast Titans,Alofiana Khan-Pereira,42,23,8,781,12,Winger,781,42.47 %,1
2024,Dolphins,Anthony Milford,22,12,4,148,2,Five-Eighth,88,42.11 %,1
2024,Canterbury-Bankstown Bulldogs,Blake Wilson,36,20,6,803,12,Winger,803,41.94 %,1
2023,South Sydney Rabbitohs,Tyrone Munro,10,6,1,240,4,Winger,160,41.18 %,1
2024,Wests Tigers,Luke Laulilii,20,13,1,360,5,Winger,360,41.18 %,2
2023,Brisbane Broncos,Deine Mariner,6,4,0,272,13,Winger,229,40.00 %,1
2023,Dolphins,Brayden McGrady,3,2,0,80,1,Winger,80,40.00 %,1
2024,St. George Illawarra Dragons,Savelio Tamale,6,3,1,75,1,Centre,75,40.00 %,1
2025,Newcastle Knights,Connor Votano,3,2,0,80,2,Fullback,80,40.00 %,1
2025,Dolphins,Junior Tupou,3,0,2,160,2,Winger,160,40.00 %,1
2023,Cronulla-Sutherland Sharks,Sione Katoa,65,34,9,2000,25,Winger,2000,39.81 %,1
2023,Dolphins,Robert Jennings,23,8,7,324,5,Winger,244,39.47 %,2
2023,Wests Tigers,Charlie Staines,20,10,3,681,9,Winger,521,39.39 %,1
2024,St. George Illawarra Dragons,Mikaele Ravalawa,34,19,3,960,12,Winger,960,39.29 %,2
2024,Gold Coast Titans,Alofiana Khan-Pereira,91,43,15,1690,23,Winger,1690,38.93 %,3
2025,North Queensland Cowboys,Jaxson Paulo,11,5,2,240,9,Winger,240,38.89 %,2
2023,Canberra Raiders,James Schiller,13,8,0,290,8,Winger,250,38.10 %,1
2023,Canberra Raiders,Xavier Savage,5,3,0,80,2,Winger,80,37.50 %,2
2025,South Sydney Rabbitohs,Alex Johnston,42,14,11,1245,16,Winger,1085,37.31 %,2
2023,Brisbane Broncos,Reece Walsh,74,35,9,1755,22,Fullback,1755,37.29 %,2
2025,Newcastle Knights,Greg Marzhew,32,9,10,1432,18,Winger,1432,37.25 %,2
2025,Newcastle Knights,Kalyn Ponga,49,28,1,1016,13,Fullback,1016,37.18 %,3
2024,South Sydney Rabbitohs,Alex Johnston,44,16,10,968,13,Winger,968,37.14 %,2
2025,Canterbury-Bankstown Bulldogs,Blake Wilson,24,10,4,473,11,Winger,473,36.84 %,1
2025,Gold Coast Titans,Carter Gordon,14,6,2,80,1,Centre,80,36.36 %,2
2023,Newcastle Knights,Greg Marzhew,44,19,6,1781,22,Winger,1781,36.23 %,1
2024,Wests Tigers,Charlie Staines,85,35,13,1760,22,Winger,1680,36.09 %,3
2023,Warriors,Marcelo Montoya,120,54,13,2136,27,Winger,1896,35.83 %,2
2025,North Queensland Cowboys,Scott Drinkwater,115,54,10,1917,24,Fullback,1917,35.75 %,3
2024,Newcastle Knights,Kalyn Ponga,54,25,5,1259,16,Fullback,1259,35.71 %,1
2025,Melbourne Storm,Sualauvi Faalogo,27,10,5,538,8,Winger,538,35.71 %,1
2023,Brisbane Broncos,Tristan Sailor,20,7,4,320,5,Fullback,320,35.48 %,3
2024,South Sydney Rabbitohs,Izaac Thompson,20,6,5,313,6,Winger,240,35.48 %,3
2024,North Queensland Cowboys,Semi Valemei,11,5,1,320,4,Winger,320,35.29 %,1
2023,Canberra Raiders,Nick Cotric,37,16,4,850,15,Winger,771,35.09 %,3
2023,Dolphins,Anthony Milford,73,29,10,531,11,Five-Eighth,310,34.82 %,3
2023,Gold Coast Titans,Keano Kini,15,8,0,255,9,Fullback,160,34.78 %,1
2024,Canterbury-Bankstown Bulldogs,Connor Tracey,74,32,7,1752,23,Fullback,1352,34.51 %,2
2024,Gold Coast Titans,Keano Kini,59,28,3,1211,16,Fullback,1183,34.44 %,4
2025,Gold Coast Titans,Allan Fitzgibbon,21,10,1,433,6,Winger,400,34.38 %,3
2025,Gold Coast Titans,Jaylan De Groot,65,29,5,1281,20,Winger,714,34.34 %,4
2023,Gold Coast Titans,Alofiana Khan-Pereira,90,38,9,1845,24,Winger,1845,34.31 %,2
2024,North Queensland Cowboys,Scott Drinkwater,119,46,16,2058,26,Fullback,2058,34.25 %,2
2025,Brisbane Broncos,Josiah Karapani,31,8,8,1042,13,Winger,1042,34.04 %,1
2023,Canberra Raiders,Albert Hopoate,74,32,6,1567,22,Winger,1487,33.93 %,4
2023,St. George Illawarra Dragons,Mikaele Ravalawa,74,30,8,1680,21,Winger,1680,33.93 %,4
2024,Parramatta Eels,Bailey Simonsson,47,13,11,710,11,Winger,630,33.80 %,2
2023,Melbourne Storm,Xavier Coates,63,26,6,1650,21,Winger,1650,33.68 %,1
2023,Brisbane Broncos,Corey Oates,20,9,1,683,12,Winger,683,33.33 %,4
2023,North Queensland Cowboys,Semi Valemei,42,13,8,729,9,Winger,729,33.33 %,3
2023,Canberra Raiders,Ethan Strange,8,4,0,80,1,Centre,80,33.33 %,5
2023,Penrith Panthers,Jesse McLean,12,4,2,80,1,Fullback,80,33.33 %,1
2023,Wests Tigers,Josh Feledy,14,6,1,80,2,Centre,80,33.33 %,2
2023,Parramatta Eels,Maika Sivo,54,21,6,1596,20,Winger,1596,33.33 %,2
2023,Dolphins,Edrick Lee,2,1,0,80,1,Winger,80,33.33 %,4
2024,Manly-Warringah Sea Eagles,Raymond Tuaimalo Vaega,18,5,4,240,4,Winger,240,33.33 %,1
2025,Sydney Roosters,Junior Tupou,2,1,0,80,1,Winger,80,33.33 %,1
2025,Gold Coast Titans,Keano Kini,14,7,0,307,6,Fullback,240,33.33 %,5
2025,Wests Tigers,Luke Laulilii,26,11,2,289,5,Winger,160,33.33 %,2
2025,Dolphins,Tevita Naufahu,26,10,3,560,9,Winger,480,33.33 %,2
2024,Brisbane Broncos,Corey Oates,61,18,12,1000,17,Winger,953,32.97 %,1
2023,St. George Illawarra Dragons,Tyrell Sloan,110,43,11,1830,23,Fullback,1830,32.93 %,5
2023,Newcastle Knights,Kalyn Ponga,121,50,9,1444,20,Fullback,1093,32.78 %,2
2024,Cronulla-Sutherland Sharks,Sione Katoa,72,28,7,1929,24,Winger,1929,32.71 %,1
2025,Wests Tigers,Sunia Turuva,103,35,15,1912,24,Winger,1592,32.68 %,3
2024,Wests Tigers,Justin Olam,101,35,14,989,13,Centre,989,32.67 %,4
2024,Canterbury-Bankstown Bulldogs,Blake Taaffe,29,11,3,460,12,Fullback,427,32.56 %,3
2023,Melbourne Storm,Will Warbrick,124,39,20,1972,25,Winger,1972,32.24 %,2
2025,Newcastle Knights,James Schiller,82,33,6,1221,19,Winger,1031,32.23 %,4
2025,South Sydney Rabbitohs,Bayleigh Bentley-Hape,40,14,5,613,9,Winger,593,32.20 %,3
2023,Parramatta Eels,Waqa Blake,53,16,9,567,8,Centre,407,32.05 %,3
2024,Wests Tigers,Junior Tupou,17,4,4,597,8,Winger,517,32.00 %,5
2025,Canberra Raiders,Manaia Waitere,17,4,4,80,3,Centre,80,32.00 %,3
2023,Cronulla-Sutherland Sharks,William Kennedy,94,37,7,1445,19,Fullback,1445,31.88 %,2
2023,North Queensland Cowboys,Scott Drinkwater,134,49,13,1669,21,Fullback,1669,31.63 %,4
2023,Cronulla-Sutherland Sharks,Ronaldo Mulitalo,91,29,13,1840,23,Winger,1840,31.58 %,3
2025,North Queensland Cowboys,Robert Derby,87,22,18,1339,18,Winger,1339,31.50 %,4
2023,South Sydney Rabbitohs,Blake Taaffe,37,15,2,593,19,Fullback,578,31.48 %,2
2023,Melbourne Storm,Nick Meaney,109,35,15,1981,25,Fullback,1981,31.45 %,3
2024,North Queensland Cowboys,Braidon Burns,22,8,2,320,4,Winger,320,31.25 %,3
2025,Penrith Panthers,Sione Fonua,11,5,0,71,1,Centre,71,31.25 %,1
2023,North Queensland Cowboys,Murray Taulagi,73,22,11,1550,20,Winger,1470,31.13 %,5
2024,Canberra Raiders,Xavier Savage,91,31,10,1938,24,Winger,1938,31.06 %,2
2023,Wests Tigers,Junior Tupou,67,23,7,1760,22,Winger,1600,30.93 %,3
2024,Parramatta Eels,Jake Tago,38,13,4,515,9,Winger,515,30.91 %,3
2025,Sydney Roosters,James Tedesco,85,27,11,2000,25,Fullback,2000,30.89 %,2
2024,Manly-Warringah Sea Eagles,Tommy Talau,159,51,20,1810,23,Winger,1189,30.87 %,2
2024,Parramatta Eels,Clinton Gutherson,92,31,10,1670,21,Fullback,1670,30.83 %,4
2025,Wests Tigers,Brent Naden,72,21,11,498,9,Centre,368,30.77 %,4
2024,Dolphins,Jamayne Isaako,115,36,15,1927,24,Winger,1927,30.72 %,2
2025,Canterbury-Bankstown Bulldogs,Connor Tracey,79,32,3,1920,24,Fullback,1920,30.70 %,2
2024,Brisbane Broncos,Reece Walsh,52,20,3,1035,14,Fullback,1035,30.67 %,2
2023,Warriors,Dallin Watene-Zelezniak,73,27,5,1589,20,Winger,1509,30.48 %,3
2023,Dolphins,Jamayne Isaako,113,34,15,1922,24,Winger,1922,30.25 %,5
2023,Canterbury-Bankstown Bulldogs,Hayze Perham,79,27,7,1525,21,Fullback,1445,30.09 %,1
2025,Penrith Panthers,Jesse McLean,7,3,0,160,2,Winger,160,30.00 %,2
2025,Penrith Panthers,Dylan Edwards,96,36,5,1583,20,Fullback,1583,29.93 %,3
2025,Manly-Warringah Sea Eagles,Tommy Talau,87,31,6,832,15,Winger,459,29.84 %,1
2024,Cronulla-Sutherland Sharks,William Kennedy,173,57,16,2089,26,Fullback,2089,29.67 %,2
2024,South Sydney Rabbitohs,Taane Milne,105,37,7,1604,21,Centre,1098,29.53 %,4
2024,Melbourne Storm,Ryan Papenhuyzen,60,20,5,1483,20,Fullback,1483,29.41 %,2
2025,Dolphins,Trai Fuller,24,7,3,320,5,Fullback,320,29.41 %,3
2023,Warriors,Ronald Volkman,41,8,9,210,3,Five-Eighth,130,29.31 %,4
2024,St. George Illawarra Dragons,Christian Tuipulotu,34,12,2,960,13,Winger,880,29.17 %,3
2024,Manly-Warringah Sea Eagles,Tolutau Koula,146,37,23,1531,21,Centre,1211,29.13 %,3
2024,Melbourne Storm,Sualauvi Faalogo,39,16,0,824,16,Fullback,536,29.09 %,3
2024,Penrith Panthers,Sunia Turuva,110,38,7,1841,26,Winger,1841,29.03 %,1
2024,Wests Tigers,Josh Feledy,22,7,2,141,3,Centre,141,29.03 %,6
2024,Warriors,Edward Kosi,27,8,3,403,5,Winger,403,28.95 %,1
2024,Gold Coast Titans,Brian Kelly,302,93,30,1850,23,Centre,1850,28.94 %,5
2025,Brisbane Broncos,Reece Walsh,96,34,5,1686,21,Fullback,1686,28.89 %,2
2025,Parramatta Eels,Isaiah Iongi,119,38,10,1674,21,Fullback,1594,28.74 %,1
2025,Canberra Raiders,Kaeo Weekes,92,27,10,2004,25,Fullback,2004,28.68 %,4
2023,Manly-Warringah Sea Eagles,Tom Trbojevic,40,13,3,878,11,Fullback,878,28.57 %,1
2023,South Sydney Rabbitohs,Richard Kennar,20,7,1,384,8,Winger,320,28.57 %,3
2023,North Queensland Cowboys,Zac Laybutt,45,11,7,329,6,Centre,329,28.57 %,6
2025,Canberra Raiders,Savelio Tamale,40,14,2,1393,18,Winger,1393,28.57 %,5
2025,Cronulla-Sutherland Sharks,Sione Katoa,45,15,3,1190,15,Winger,1190,28.57 %,1
2023,Canterbury-Bankstown Bulldogs,Blake Wilson,43,12,5,804,11,Winger,800,28.33 %,2
2023,North Queensland Cowboys,Tom Chester,33,10,3,297,7,Fullback,245,28.26 %,7
2023,Wests Tigers,Jahream Bula,112,37,7,1440,18,Fullback,1440,28.21 %,4
2024,Cronulla-Sutherland Sharks,Samuel Stonestreet,28,7,4,387,6,Winger,387,28.21 %,3
2025,Manly-Warringah Sea Eagles,Lehi Hopoate,84,24,9,1671,22,Winger,880,28.21 %,2
2023,Newcastle Knights,Lachlan Miller,51,17,3,961,13,Fullback,961,28.17 %,3
2024,South Sydney Rabbitohs,Fletcher Myers,46,15,3,400,6,Winger,240,28.12 %,5
2024,South Sydney Rabbitohs,Latrell Mitchell,46,15,3,850,11,Fullback,850,28.12 %,6
2023,Warriors,Edward Kosi,41,13,3,831,11,Winger,831,28.07 %,5
2024,North Queensland Cowboys,Murray Taulagi,82,21,11,1430,18,Winger,1430,28.07 %,4
2025,Canberra Raiders,Adam Cook,18,4,3,80,1,Five-Eighth,80,28.00 %,6
2025,Wests Tigers,Heath Mason,90,30,5,408,13,Five-Eighth,213,28.00 %,5
2024,Wests Tigers,Solomon Alaimalo,31,10,2,606,9,Winger,606,27.91 %,7
2023,Parramatta Eels,Haze Dunster,26,7,3,400,7,Winger,400,27.78 %,4
2023,St. George Illawarra Dragons,Mathew Feagai,110,31,11,1840,24,Winger,1840,27.63 %,6
2024,Brisbane Broncos,Jesse Arthars,105,21,19,1459,19,Winger,1379,27.59 %,3
2025,Wests Tigers,Charlie Staines,42,10,6,560,8,Winger,560,27.59 %,6
2023,Canterbury-Bankstown Bulldogs,Braidon Burns,66,20,5,601,10,Centre,361,27.47 %,3
2024,Melbourne Storm,Grant Anderson,93,28,7,1014,19,Winger,611,27.34 %,4
2024,Cronulla-Sutherland Sharks,Ronaldo Mulitalo,93,28,7,1849,23,Winger,1849,27.34 %,4
2025,Newcastle Knights,Fletcher Hunt,109,32,9,906,12,Winger,402,27.33 %,5
2023,Gold Coast Titans,Tom Weaver,48,15,3,234,3,Halfback,234,27.27 %,3
2023,Parramatta Eels,Isaac Lumelume,8,2,1,151,2,Winger,151,27.27 %,5
2025,Melbourne Storm,Moses Leo,24,8,1,160,2,Centre,160,27.27 %,2
2024,Wests Tigers,Solomona Faataape,179,50,17,1350,17,Centre,1120,27.24 %,8
2025,Dolphins,Hamiso Tabuai-Fidow,121,29,16,1633,21,Fullback,1360,27.11 %,4
2023,Manly-Warringah Sea Eagles,Tolutau Koula,206,55,21,1508,19,Centre,1348,26.95 %,2
2023,Sydney Roosters,Jaxson Paulo,38,12,2,960,13,Winger,960,26.92 %,1
2023,North Queensland Cowboys,Gehamat Shibasaki,19,5,2,148,2,Centre,148,26.92 %,8
2024,Parramatta Eels,Maika Sivo,30,9,2,900,12,Winger,870,26.83 %,5
2024,Dolphins,Jack Bostock,101,23,14,1774,23,Winger,1774,26.81 %,3
2023,South Sydney Rabbitohs,Dean Hawkins,41,8,7,160,3,Five-Eighth,160,26.79 %,4
2024,Newcastle Knights,Greg Marzhew,41,14,1,1765,22,Winger,1765,26.79 %,2
2024,Brisbane Broncos,Ezra Mam,320,94,23,1447,19,Five-Eighth,1447,26.77 %,4
2024,Wests Tigers,Jahream Bula,137,39,11,1670,21,Fullback,1670,26.74 %,9
2024,South Sydney Rabbitohs,Lachlan Ilias,33,6,6,160,3,Halfback,160,26.67 %,7
2024,North Queensland Cowboys,Viliami Vailea,190,56,13,1437,18,Centre,1437,26.64 %,5
2025,Penrith Panthers,Brian To'o,83,23,7,1270,16,Winger,1270,26.55 %,4
2023,Cronulla-Sutherland Sharks,Siosifa Talakai,194,55,15,1754,22,Centre,1754,26.52 %,4
2023,Manly-Warringah Sea Eagles,Brad Parker,219,52,27,1429,19,Centre,1429,26.51 %,3
2023,Warriors,Viliami Vailea,50,17,1,400,7,Centre,400,26.47 %,6
2024,Newcastle Knights,Enari Tuala,64,16,7,1128,15,Winger,1048,26.44 %,3
2023,Sydney Roosters,Junior Pauga,39,9,5,720,11,Winger,720,26.42 %,2
2023,Manly-Warringah Sea Eagles,Christian Tuipulotu,39,11,3,947,12,Winger,947,26.42 %,4
2025,Melbourne Storm,Will Warbrick,28,7,3,560,7,Winger,560,26.32 %,3
2025,Warriors,Edward Kosi,14,4,1,311,5,Winger,311,26.32 %,1
2023,Canterbury-Bankstown Bulldogs,Josh Addo-Carr,79,16,12,1135,15,Winger,1135,26.17 %,4
2023,Gold Coast Titans,Phillip Sami,82,19,10,1646,22,Winger,1326,26.13 %,4
2023,Dolphins,Hamiso Tabuai-Fidow,150,38,15,1596,20,Fullback,1364,26.11 %,6
2024,Gold Coast Titans,Aaron Schoupp,34,11,1,151,2,Centre,151,26.09 %,6
2025,North Queensland Cowboys,Murray Taulagi,68,14,10,1175,15,Winger,1095,26.09 %,5
2023,Melbourne Storm,Young Tonumaipea,88,21,10,679,9,Centre,679,26.05 %,4
2024,Melbourne Storm,Xavier Coates,54,13,6,1182,16,Winger,1182,26.03 %,5
2024,Dolphins,Hamiso Tabuai-Fidow,91,22,10,1225,16,Fullback,1065,26.02 %,4
2023,Brisbane Broncos,Ezra Mam,444,113,43,1976,25,Five-Eighth,1976,26.00 %,5
2023,Parramatta Eels,Sean Russell,143,38,12,1360,17,Winger,1040,25.91 %,6
2025,Cronulla-Sutherland Sharks,William Kennedy,163,40,17,2169,27,Fullback,2169,25.91 %,2
2024,Canterbury-Bankstown Bulldogs,Jeral Skelton,23,7,1,383,8,Winger,383,25.81 %,4
2024,South Sydney Rabbitohs,Jacob Gagai,121,29,13,1347,18,Winger,1347,25.77 %,8
2025,Wests Tigers,Solomona Faataape,26,5,4,160,3,Centre,80,25.71 %,7
2025,Parramatta Eels,Josh Addo-Carr,96,23,10,1764,22,Winger,1764,25.58 %,2
2023,North Queensland Cowboys,Valentine Holmes,140,39,9,1425,18,Centre,1425,25.53 %,9
2024,Melbourne Storm,Will Warbrick,111,28,10,1887,24,Winger,1887,25.50 %,6
2023,Manly-Warringah Sea Eagles,Jason Saab,120,28,13,1520,19,Winger,1520,25.47 %,5
2024,Gold Coast Titans,Tom Weaver,47,12,4,240,3,Halfback,160,25.40 %,7
2025,Gold Coast Titans,Tom Weaver,97,27,6,324,9,Halfback,324,25.38 %,6
2025,South Sydney Rabbitohs,Tyrone Munro,62,14,7,855,13,Winger,765,25.30 %,4
2025,Brisbane Broncos,Jesse Arthars,62,12,9,1349,24,Winger,1259,25.30 %,3
2024,Parramatta Eels,Blaize Talagi,237,57,23,1461,22,Centre,720,25.24 %,6
2024,Manly-Warringah Sea Eagles,Jason Saab,95,21,11,1173,17,Winger,1173,25.20 %,4
2025,Dolphins,Jamayne Isaako,110,25,12,1920,24,Winger,1920,25.17 %,5
2023,Canberra Raiders,Jarrod Croker,150,42,8,1126,15,Centre,1123,25.00 %,6
2023,Melbourne Storm,George Jennings,3,1,0,97,2,Winger,97,25.00 %,5
2023,Cronulla-Sutherland Sharks,Mawene Hiroti,9,2,1,80,5,Winger,80,25.00 %,5
2023,Parramatta Eels,Clinton Gutherson,120,32,8,1808,23,Fullback,1808,25.00 %,7
2024,Sydney Roosters,Dominic Young,66,17,5,1666,22,Winger,1666,25.00 %,1
2024,Manly-Warringah Sea Eagles,Lehi Hopoate,63,18,3,1012,14,Winger,675,25.00 %,5
2024,Penrith Panthers,Isaiah Iongi,3,0,1,80,2,Fullback,80,25.00 %,2
2025,Sydney Roosters,Dominic Young,36,10,2,720,9,Winger,720,25.00 %,3
2025,Sydney Roosters,Daniel Tupou,60,15,5,1920,24,Winger,1920,25.00 %,4
2025,Canberra Raiders,Chevy Stewart,6,2,0,80,3,Fullback,80,25.00 %,7
2023,Canterbury-Bankstown Bulldogs,Jake Averillo,241,60,20,1896,24,Centre,1336,24.92 %,5
2023,Parramatta Eels,Bailey Simonsson,172,39,18,1543,20,Centre,1163,24.89 %,8
2023,Melbourne Storm,Jonah Pezet,128,27,15,560,7,Five-Eighth,320,24.71 %,6
2024,Brisbane Broncos,Tristan Sailor,61,17,3,770,15,Fullback,720,24.69 %,5
2023,Penrith Panthers,Brian To'o,119,28,11,1844,23,Winger,1844,24.68 %,2
2024,North Queensland Cowboys,Valentine Holmes,229,55,20,1913,24,Centre,1913,24.67 %,6
2023,South Sydney Rabbitohs,Latrell Mitchell,55,12,6,1281,16,Fullback,1281,24.66 %,5
2025,Cronulla-Sutherland Sharks,Samuel Stonestreet,49,10,6,830,11,Winger,830,24.62 %,3
2025,Canberra Raiders,Xavier Savage,92,22,8,1636,21,Winger,1636,24.59 %,8
2023,Brisbane Broncos,Kotoni Staggs,359,84,33,2057,26,Centre,2057,24.58 %,6
2023,Wests Tigers,David Nofoaluma,86,22,6,1331,17,Winger,1331,24.56 %,5
2025,Newcastle Knights,Dane Gagai,372,86,35,1902,24,Centre,1502,24.54 %,6
2024,St. George Illawarra Dragons,Zac Lomax,105,24,10,1670,21,Winger,1510,24.46 %,4
2023,Wests Tigers,Tommy Talau,102,29,4,762,13,Centre,709,24.44 %,6
2023,Melbourne Storm,Justin Olam,133,36,7,1283,17,Centre,1283,24.43 %,7
2024,Wests Tigers,Brent Naden,118,31,7,637,10,Centre,456,24.36 %,10
2023,Wests Tigers,Luke Brooks,286,71,21,1262,16,Halfback,1262,24.34 %,7
2025,Melbourne Storm,Kane Bradley,28,6,3,400,9,Winger,400,24.32 %,4
2023,Gold Coast Titans,Brian Kelly,317,75,26,1646,22,Centre,1646,24.16 %,5
2024,Canberra Raiders,Jordan Rapana,113,29,7,1262,18,Fullback,918,24.16 %,3
2024,Cronulla-Sutherland Sharks,Braydon Trindall,248,62,17,1593,20,Five-Eighth,1044,24.16 %,5
2023,Wests Tigers,Adam Doueihi,66,17,4,471,6,Five-Eighth,311,24.14 %,8
2025,South Sydney Rabbitohs,Jye Gray,129,28,13,1329,19,Fullback,1169,24.12 %,5
2024,Wests Tigers,Heath Mason,38,9,3,295,11,Fullback,240,24.00 %,11
2024,Warriors,Taine Tuaupiki,19,6,0,366,11,Fullback,366,24.00 %,2
2024,Dolphins,Trai Fuller,95,24,6,794,14,Fullback,785,24.00 %,5
2025,St. George Illawarra Dragons,Valentine Holmes,143,31,14,1124,14,Centre,1124,23.94 %,2
2023,Canterbury-Bankstown Bulldogs,Jacob Kiraz,137,27,16,1433,19,Winger,1045,23.89 %,6
2024,Parramatta Eels,Morgan Harper,102,26,6,640,9,Centre,560,23.88 %,7
2025,Brisbane Broncos,Selwyn Cobbo,67,17,4,1200,15,Winger,800,23.86 %,4
2023,Canberra Raiders,Sebastian Kris,99,27,4,1569,21,Fullback,1379,23.85 %,7
2025,Warriors,Tanah Boyd,163,39,12,704,13,Halfback,704,23.83 %,2
2025,Warriors,Taine Tuaupiki,80,15,10,1106,16,Winger,640,23.81 %,3
2025,Canterbury-Bankstown Bulldogs,Marcelo Montoya,77,18,6,1419,18,Winger,1419,23.76 %,3
2023,Dolphins,Valynce Te Whare,135,25,17,854,13,Centre,635,23.73 %,7
2024,Newcastle Knights,Krystian Mapapalangi,42,12,1,320,6,Centre,160,23.64 %,4
2024,Gold Coast Titans,Jayden Campbell,210,42,23,1184,15,Five-Eighth,880,23.64 %,8
2025,St. George Illawarra Dragons,Clinton Gutherson,133,34,7,1924,24,Fullback,1924,23.56 %,3
2024,Canterbury-Bankstown Bulldogs,Eli Clark,13,3,1,79,3,Winger,79,23.53 %,5
2025,Manly-Warringah Sea Eagles,Jason Saab,130,30,10,1571,20,Winger,1571,23.53 %,3
2025,Warriors,Moala Graham-Taufa,26,5,3,80,1,Centre,80,23.53 %,4
2023,Canterbury-Bankstown Bulldogs,Paul Alamoti,222,55,13,1525,19,Centre,1525,23.45 %,7
2023,Gold Coast Titans,Aaron Schoupp,196,36,24,1340,19,Centre,1245,23.44 %,6
2023,Penrith Panthers,Thomas Jenkins,36,6,5,409,5,Winger,409,23.40 %,3
2025,Penrith Panthers,Trent Toelau,36,8,3,77,3,Halfback,50,23.40 %,5
2023,Melbourne Storm,Grant Anderson,23,4,3,203,12,Winger,150,23.33 %,8
2023,Wests Tigers,Brent Naden,92,23,5,607,9,Centre,607,23.33 %,9
2023,Wests Tigers,Will Smith,46,14,0,226,5,Five-Eighth,146,23.33 %,10
2024,Canterbury-Bankstown Bulldogs,Bronson Xerri,171,42,10,1533,20,Centre,1533,23.32 %,6
2025,Newcastle Knights,Bradman Best,254,55,22,1440,18,Centre,1440,23.26 %,7
2025,Canberra Raiders,Sebastian Kris,225,48,20,1893,24,Centre,1893,23.21 %,9
2023,Canberra Raiders,Jordan Rapana,139,34,8,1647,21,Winger,1246,23.20 %,8
2023,Gold Coast Titans,Jayden Campbell,203,44,17,1260,22,Fullback,725,23.11 %,7
2023,Penrith Panthers,Sunia Turuva,130,28,11,2073,26,Winger,2073,23.08 %,4
2025,Brisbane Broncos,Ezra Mam,177,39,14,840,12,Five-Eighth,742,23.04 %,5
2024,Warriors,Marcelo Montoya,77,21,2,1489,19,Winger,1489,23.00 %,3
2025,St. George Illawarra Dragons,Tyrell Sloan,67,15,5,1536,21,Winger,1524,22.99 %,4
2025,Penrith Panthers,Casey McLean,290,58,28,1744,25,Centre,1421,22.87 %,6
2024,Brisbane Broncos,Selwyn Cobbo,189,41,15,1511,19,Centre,1191,22.86 %,6
2025,Manly-Warringah Sea Eagles,Clayton Faulalo,71,15,6,552,14,Winger,402,22.83 %,4
2025,Penrith Panthers,Blaize Talagi,484,107,36,1773,23,Five-Eighth,1700,22.81 %,7
2023,North Queensland Cowboys,Chad Townsend,441,92,38,1904,24,Halfback,1904,22.77 %,10
2024,Sydney Roosters,Junior Pauga,95,21,7,621,13,Winger,388,22.76 %,2
2023,North Queensland Cowboys,Ben Hampton,17,5,0,80,2,Five-Eighth,80,22.73 %,11
2023,Canberra Raiders,Harley Smith-Shields,68,15,5,474,7,Centre,400,22.73 %,9
2023,Cronulla-Sutherland Sharks,Connor Tracey,85,16,9,790,15,Fullback,470,22.73 %,6
2024,Warriors,Charnze Nicoll-Klokstad,102,25,5,1332,17,Fullback,1172,22.73 %,4
2023,Canterbury-Bankstown Bulldogs,Matt Burton,363,84,22,1845,23,Five-Eighth,1205,22.60 %,8
2023,Cronulla-Sutherland Sharks,Braydon Trindall,168,39,10,896,19,Five-Eighth,560,22.58 %,7
2024,Canterbury-Bankstown Bulldogs,Josh Addo-Carr,55,9,7,1007,14,Winger,1007,22.54 %,7
2023,Newcastle Knights,Dominic Young,62,14,4,2011,25,Winger,2011,22.50 %,4
2024,Warriors,Dallin Watene-Zelezniak,124,32,4,1729,22,Winger,1649,22.50 %,5
2024,Manly-Warringah Sea Eagles,Jaxson Paulo,38,10,1,650,8,Winger,570,22.45 %,6
2023,Manly-Warringah Sea Eagles,Reuben Garrick,121,28,7,1626,21,Winger,759,22.44 %,6
2024,St. George Illawarra Dragons,Mathew Feagai,59,15,2,592,9,Winger,340,22.37 %,5
2025,South Sydney Rabbitohs,Jayden Sullivan,247,50,21,860,13,Halfback,320,22.33 %,6
2025,Melbourne Storm,Ryan Papenhuyzen,80,20,3,1654,21,Fullback,1654,22.33 %,5
2024,Parramatta Eels,Mitchell Moses,129,32,5,636,8,Halfback,636,22.29 %,8
2023,Penrith Panthers,Dylan Edwards,143,32,9,2093,26,Fullback,2093,22.28 %,5
2023,Canterbury-Bankstown Bulldogs,Jeral Skelton,7,1,1,176,8,Winger,160,22.22 %,9
2024,Manly-Warringah Sea Eagles,Clayton Faulalo,14,2,2,137,8,Winger,80,22.22 %,7
2024,Penrith Panthers,Dylan Edwards,98,22,6,1585,20,Fullback,1585,22.22 %,3
2025,Parramatta Eels,Zac Lomax,119,24,10,1524,19,Winger,1120,22.22 %,3
2024,Sydney Roosters,Sam Walker,351,70,30,1515,21,Halfback,1515,22.17 %,3
2024,St. George Illawarra Dragons,Ben Hunt,337,75,21,1760,22,Halfback,1760,22.17 %,6
2023,North Queensland Cowboys,Peta Hiku,338,70,26,1750,22,Centre,1750,22.12 %,12
2023,Dolphins,Isaiya Katoa,395,86,26,1516,23,Halfback,729,22.09 %,8
2023,Penrith Panthers,Tyrone Peachey,198,41,15,965,19,Centre,870,22.05 %,6
2024,Manly-Warringah Sea Eagles,Tom Trbojevic,85,19,5,1586,20,Fullback,1502,22.02 %,8
2025,Cronulla-Sutherland Sharks,Mawene Hiroti,132,26,11,631,10,Centre,471,21.89 %,4
2023,Dolphins,Jack Bostock,25,5,2,320,4,Winger,240,21.88 %,9
2025,North Queensland Cowboys,Zac Laybutt,200,39,17,1052,17,Centre,1040,21.88 %,6
2023,South Sydney Rabbitohs,Taane Milne,68,16,3,1109,18,Winger,959,21.84 %,6
2023,Sydney Roosters,Paul Momirovski,43,11,1,219,3,Centre,219,21.82 %,3
2023,Brisbane Broncos,Selwyn Cobbo,129,26,10,1910,24,Winger,1830,21.82 %,7
2024,Warriors,Roger Tuivasa-Sheck,183,40,11,1417,19,Centre,1017,21.79 %,6
2024,Dolphins,Jake Averillo,291,55,26,1853,23,Centre,1693,21.77 %,6
2025,Cronulla-Sutherland Sharks,Braydon Trindall,320,64,25,2047,26,Five-Eighth,2047,21.76 %,5
2024,Sydney Roosters,James Tedesco,108,27,3,1942,25,Fullback,1942,21.74 %,4
2024,Canberra Raiders,James Schiller,18,5,0,410,7,Winger,410,21.74 %,4
2025,Gold Coast Titans,Alexander Brimson,263,53,20,1839,23,Fullback,1044,21.73 %,7
2024,Parramatta Eels,Sean Russell,173,37,11,1680,22,Winger,1200,21.72 %,9
2025,Gold Coast Titans,Brian Kelly,310,69,17,1634,21,Centre,1554,21.72 %,8
2025,St. George Illawarra Dragons,Lachlan Ilias,119,18,15,564,7,Halfback,564,21.71 %,5
2025,Cronulla-Sutherland Sharks,Ronaldo Mulitalo,177,40,9,2079,26,Winger,2079,21.68 %,6
2023,St. George Illawarra Dragons,Junior Amone,257,55,16,1387,19,Five-Eighth,1360,21.65 %,7
2025,Sydney Roosters,Ethan King,29,5,3,160,17,Centre,160,21.62 %,5
2023,Sydney Roosters,Joseph Manu,363,79,21,1566,21,Centre,848,21.60 %,4
2024,South Sydney Rabbitohs,Richard Kennar,178,35,14,868,12,Centre,868,21.59 %,9
2024,Canberra Raiders,Nick Cotric,40,8,3,648,10,Winger,648,21.57 %,5
2024,Cronulla-Sutherland Sharks,Daniel Atkinson,269,56,18,1276,24,Five-Eighth,1045,21.57 %,6
2024,Warriors,Shaun Johnson,280,58,19,1266,16,Halfback,1266,21.57 %,7
2024,Penrith Panthers,Paul Alamoti,211,41,17,1223,16,Centre,1104,21.56 %,4
2024,Manly-Warringah Sea Eagles,Luke Brooks,518,97,45,2094,26,Five-Eighth,2094,21.52 %,9
2023,Newcastle Knights,Hymel Hunt,11,1,2,320,4,Winger,320,21.43 %,5
2024,Newcastle Knights,Dane Gagai,418,90,24,1767,22,Centre,1767,21.43 %,5
2024,South Sydney Rabbitohs,Isaiah Tass,88,16,8,640,8,Centre,560,21.43 %,10
2024,Brisbane Broncos,Josh Rogers,121,23,10,458,9,Five-Eighth,298,21.43 %,7
2024,Parramatta Eels,Will Penisini,352,62,34,1810,23,Centre,1810,21.43 %,10
2025,Dolphins,Jack Bostock,44,8,4,986,13,Winger,986,21.43 %,6
2024,Newcastle Knights,David Armstrong,26,7,0,390,5,Fullback,390,21.21 %,6
2025,Canberra Raiders,Jed Stuart,67,12,6,898,15,Winger,898,21.18 %,10
2025,Brisbane Broncos,Deine Mariner,123,20,13,1517,20,Winger,1206,21.15 %,6
2025,Melbourne Storm,Marion Seve,41,6,5,245,5,Centre,242,21.15 %,6
2024,South Sydney Rabbitohs,Cody Walker,388,73,31,1667,21,Five-Eighth,880,21.14 %,11
2023,Canberra Raiders,Matthew Timoko,288,42,35,2014,25,Centre,2014,21.10 %,10
2023,Sydney Roosters,Corey Allan,135,25,11,911,21,Centre,455,21.05 %,5
2024,South Sydney Rabbitohs,Jack Wighton,278,55,19,1630,21,Five-Eighth,990,21.02 %,12
2023,Parramatta Eels,Mitchell Moses,305,63,18,1480,19,Halfback,1480,20.98 %,9
2024,Canberra Raiders,Kaeo Weekes,226,45,15,1368,21,Halfback,648,20.98 %,6
2025,South Sydney Rabbitohs,Cody Walker,140,28,9,687,11,Five-Eighth,481,20.90 %,7
2024,Melbourne Storm,Nick Meaney,432,80,34,1915,24,Centre,1915,20.88 %,7
2023,Sydney Roosters,James Tedesco,91,12,12,1675,22,Fullback,1675,20.87 %,6
2025,North Queensland Cowboys,Braidon Burns,91,16,8,993,13,Winger,753,20.87 %,7
2023,North Queensland Cowboys,Tom Dearden,433,77,37,1854,23,Five-Eighth,1854,20.84 %,13
2025,Parramatta Eels,Dean Hawkins,247,41,24,964,12,Halfback,724,20.83 %,4
2023,Brisbane Broncos,Jesse Arthars,99,17,9,1510,25,Winger,1393,20.80 %,8
2024,Cronulla-Sutherland Sharks,Siosifa Talakai,339,75,14,1177,24,Centre,455,20.79 %,7
2025,South Sydney Rabbitohs,Lewis Dodd,84,11,11,293,8,Five-Eighth,160,20.75 %,8
2025,Newcastle Knights,Jack Cogger,390,73,29,1632,21,Halfback,1552,20.73 %,8
2024,Brisbane Broncos,Deine Mariner,199,38,14,1662,21,Winger,1030,20.72 %,8
2024,Penrith Panthers,Jarome Luai,314,59,23,1907,24,Five-Eighth,1267,20.71 %,5
2025,Newcastle Knights,Dominic Young,46,8,4,800,10,Winger,800,20.69 %,9
2025,Wests Tigers,Jarome Luai,276,57,15,1657,21,Halfback,943,20.69 %,8
2025,Melbourne Storm,Grant Anderson,234,47,14,1901,25,Centre,963,20.68 %,7
2023,Wests Tigers,Daine Laurie,177,34,12,782,13,Five-Eighth,613,20.63 %,11
2025,South Sydney Rabbitohs,Isaiah Tass,231,37,23,1844,24,Centre,964,20.62 %,9
2023,Gold Coast Titans,Alexander Brimson,81,15,6,994,14,Fullback,914,20.59 %,8
2024,Brisbane Broncos,Josiah Karapani,81,17,4,452,13,Centre,240,20.59 %,9
2025,Melbourne Storm,Xavier Coates,81,16,5,1738,22,Winger,1738,20.59 %,8
2024,Manly-Warringah Sea Eagles,Reuben Garrick,394,66,36,1721,24,Centre,1721,20.56 %,10
2024,Dolphins,Tesi Niu,62,14,2,467,7,Centre,365,20.51 %,7
2025,St. George Illawarra Dragons,Corey Allan,62,11,5,943,14,Winger,783,20.51 %,6
2024,Newcastle Knights,Fletcher Sharpe,74,15,4,901,12,Winger,565,20.43 %,7
2023,St. George Illawarra Dragons,Ben Hunt,386,75,24,1760,22,Halfback,1680,20.41 %,8
2025,Gold Coast Titans,Sosefo Fifita,269,47,22,1364,17,Centre,804,20.41 %,9
2025,Parramatta Eels,Mitchell Moses,211,44,10,1040,13,Halfback,1040,20.38 %,5
2025,Warriors,Roger Tuivasa-Sheck,71,11,7,1495,19,Winger,1495,20.22 %,5
2024,Wests Tigers,Adam Doueihi,75,15,4,545,7,Centre,545,20.21 %,12
2024,Canterbury-Bankstown Bulldogs,Jacob Kiraz,186,34,13,2013,25,Winger,1129,20.17 %,8
2025,Canberra Raiders,Matthew Timoko,353,66,23,2023,25,Centre,2023,20.14 %,11
2025,Warriors,Rocco Berry,115,19,10,549,9,Centre,549,20.14 %,6
2023,Canberra Raiders,Matt Frawley,123,26,5,558,15,Five-Eighth,407,20.13 %,11
2024,North Queensland Cowboys,Chad Townsend,393,78,21,1586,20,Halfback,1586,20.12 %,7
2023,Penrith Panthers,Stephen Crichton,282,50,21,1914,24,Centre,1914,20.11 %,7
2024,Sydney Roosters,Daniel Tupou,104,21,5,1914,24,Winger,1914,20.00 %,5
2024,South Sydney Rabbitohs,Gehamat Shibasaki,4,0,1,80,1,Winger,80,20.00 %,13
2024,North Queensland Cowboys,Kyle Feldt,156,30,9,1974,25,Winger,1974,20.00 %,8
2024,Canberra Raiders,Adam Cook,124,25,6,456,8,Five-Eighth,160,20.00 %,7
2025,Manly-Warringah Sea Eagles,Jakob Arthur,12,2,1,65,2,Halfback,65,20.00 %,5
2025,South Sydney Rabbitohs,Fletcher Myers,12,2,1,182,5,Centre,80,20.00 %,10
2025,St. George Illawarra Dragons,Nathan Lawson,20,4,1,320,6,Winger,320,20.00 %,7
2023,Newcastle Knights,Tyson Gamble,483,93,27,1743,24,Five-Eighth,1570,19.90 %,6
2024,Canterbury-Bankstown Bulldogs,Drew Hutchison,286,56,15,988,15,Halfback,788,19.89 %,9
2025,Canterbury-Bankstown Bulldogs,Matt Burton,279,48,21,1588,21,Five-Eighth,1428,19.83 %,4
2024,St. George Illawarra Dragons,Tyrell Sloan,154,31,7,1840,23,Fullback,1840,19.79 %,7
2025,Wests Tigers,Jahream Bula,126,26,5,1434,18,Fullback,1434,19.75 %,9
2025,South Sydney Rabbitohs,Latrell Mitchell,61,11,4,867,11,Fullback,547,19.74 %,11
2025,Gold Coast Titans,Jayden Campbell,358,62,26,1551,20,Halfback,1471,19.73 %,10
2024,Canterbury-Bankstown Bulldogs,Stephen Crichton,232,46,11,1685,21,Centre,1605,19.72 %,10
2024,South Sydney Rabbitohs,Dean Hawkins,159,28,11,585,12,Halfback,585,19.70 %,14
2023,Sydney Roosters,Joseph Suaalii,135,29,4,1641,21,Centre,1040,19.64 %,7
2023,Newcastle Knights,Adam Clune,90,16,6,320,4,Halfback,320,19.64 %,7
2025,Manly-Warringah Sea Eagles,Luke Brooks,475,91,25,1922,24,Five-Eighth,1922,19.63 %,6
2025,Melbourne Storm,Jack Howarth,172,24,18,1155,16,Centre,1155,19.63 %,9
2023,Dolphins,Kodi Nikorima,291,53,18,1564,21,Five-Eighth,874,19.61 %,10
2023,Melbourne Storm,Cameron Munster,448,90,19,1747,22,Five-Eighth,1667,19.57 %,9
2025,Parramatta Eels,Ronald Volkman,37,4,5,160,2,Halfback,160,19.57 %,6
2023,Manly-Warringah Sea Eagles,Morgan Harper,181,32,12,730,9,Centre,730,19.56 %,7
2023,Manly-Warringah Sea Eagles,Raymond Tuaimalo Vaega,33,5,3,541,7,Winger,541,19.51 %,8
2023,Dolphins,Tesi Niu,66,10,6,1365,17,Winger,1205,19.51 %,11
2025,Warriors,Dallin Watene-Zelezniak,99,20,4,1229,16,Winger,1229,19.51 %,7
2023,Gold Coast Titans,Kieran Foran,384,62,31,1428,20,Five-Eighth,1428,19.50 %,9
2025,Cronulla-Sutherland Sharks,Siosifa Talakai,256,47,15,1045,24,Centre,560,19.50 %,7
2025,Manly-Warringah Sea Eagles,Tolutau Koula,219,33,20,1686,22,Centre,1686,19.49 %,7
2025,Canterbury-Bankstown Bulldogs,Jacob Kiraz,95,16,7,1510,19,Winger,1270,19.49 %,5
2024,Penrith Panthers,Daine Laurie,62,12,3,639,18,Fullback,422,19.48 %,6
2025,Canberra Raiders,Ethan Sanders,29,5,2,160,3,Halfback,160,19.44 %,12
2024,Gold Coast Titans,Alexander Brimson,162,25,14,940,13,Centre,477,19.40 %,9
2023,North Queensland Cowboys,Kyle Feldt,100,17,7,1454,22,Winger,1374,19.35 %,14
2025,Sydney Roosters,Sam Walker,121,24,5,637,9,Halfback,637,19.33 %,6
2023,Gold Coast Titans,Tanah Boyd,426,75,27,1646,21,Halfback,1646,19.32 %,10
2025,Newcastle Knights,Tyson Gamble,117,22,6,411,7,Halfback,240,19.31 %,10
2025,South Sydney Rabbitohs,Campbell Graham,138,25,8,871,11,Centre,800,19.30 %,12
2023,Newcastle Knights,Dane Gagai,381,74,17,1781,22,Centre,1781,19.28 %,8
2025,Wests Tigers,Lachlan Galvin,198,32,15,799,10,Five-Eighth,799,19.18 %,10
2024,Sydney Roosters,Sandon Smith,207,41,8,605,18,Halfback,320,19.14 %,6
2023,Wests Tigers,Asu Kepaoa,212,41,9,1214,22,Centre,528,19.08 %,12
2024,Warriors,Luke Metcalf,106,16,9,489,7,Five-Eighth,489,19.08 %,8
2023,Melbourne Storm,Marion Seve,153,14,22,772,10,Centre,772,19.05 %,10
2023,Cronulla-Sutherland Sharks,Matt Moylan,357,67,17,1457,22,Five-Eighth,1438,19.05 %,8
2025,Canterbury-Bankstown Bulldogs,Jethro Rinakama,34,7,1,471,9,Winger,471,19.05 %,6
2023,Sydney Roosters,Billy Smith,251,40,19,1188,15,Centre,1188,19.03 %,8
2023,Warriors,Charnze Nicoll-Klokstad,128,21,9,1712,23,Fullback,1712,18.99 %,7
2025,Parramatta Eels,Sean Russell,235,38,17,1604,20,Centre,1200,18.97 %,7
2025,Melbourne Storm,Jahrome Hughes,265,48,14,1431,20,Halfback,1431,18.96 %,10
2024,Dolphins,Isaiya Katoa,372,66,21,1701,22,Halfback,1693,18.95 %,8
2024,Sydney Roosters,Joseph Suaalii,180,28,14,1587,21,Centre,1427,18.92 %,7
2023,Warriors,Adam Pompey,365,61,24,2152,27,Centre,2152,18.89 %,8
2023,Warriors,Luke Metcalf,207,34,14,923,12,Five-Eighth,923,18.82 %,9
2024,Melbourne Storm,Jahrome Hughes,389,60,30,1836,23,Halfback,1836,18.79 %,8
2023,Gold Coast Titans,Sosefo Fifita,160,23,14,1008,17,Winger,560,18.78 %,11
2024,Gold Coast Titans,Kieran Foran,433,79,21,1614,21,Halfback,1428,18.76 %,10
2023,Canterbury-Bankstown Bulldogs,Karl Oloapu,156,24,12,440,7,Five-Eighth,287,18.75 %,10
2023,Brisbane Broncos,Delouise Hoeter,13,2,1,80,2,Centre,80,18.75 %,9
2023,Melbourne Storm,Ryan Papenhuyzen,26,6,0,130,3,Fullback,77,18.75 %,11
2023,South Sydney Rabbitohs,Cody Walker,412,78,17,1762,22,Five-Eighth,1762,18.74 %,7
2024,Canterbury-Bankstown Bulldogs,Matt Burton,408,63,31,1824,23,Five-Eighth,1824,18.73 %,11
2023,Melbourne Storm,Reimis Smith,265,30,31,1711,23,Centre,1401,18.71 %,12
2024,Gold Coast Titans,Sosefo Fifita,118,21,6,1530,20,Winger,1530,18.62 %,11
2025,Brisbane Broncos,Gehamat Shibasaki,271,46,16,2010,25,Centre,2010,18.62 %,7
2023,Canberra Raiders,Jack Wighton,376,67,19,1735,22,Five-Eighth,1485,18.61 %,12
2024,Gold Coast Titans,Tanah Boyd,162,27,10,648,19,Five-Eighth,328,18.59 %,12
2023,Manly-Warringah Sea Eagles,Jakob Arthur,79,11,7,355,10,Five-Eighth,240,18.56 %,9
2024,Gold Coast Titans,Phillip Sami,106,20,4,975,13,Centre,549,18.46 %,13
2025,South Sydney Rabbitohs,Ashton Ward,137,18,13,423,6,Five-Eighth,320,18.45 %,13
2025,North Queensland Cowboys,Tom Dearden,460,70,34,1760,22,Halfback,1030,18.44 %,8
2025,Dolphins,Jake Averillo,261,38,21,1920,24,Centre,1360,18.44 %,7
2025,North Queensland Cowboys,Jake Clifford,262,35,24,1120,16,Halfback,640,18.38 %,9
2024,Penrith Panthers,Brad Schneider,271,40,21,969,16,Five-Eighth,480,18.37 %,7
2023,Canterbury-Bankstown Bulldogs,Josh Reynolds,99,18,4,244,10,Five-Eighth,134,18.18 %,11
2023,Canterbury-Bankstown Bulldogs,Ethan Quai-Ward,9,2,0,72,1,Centre,72,18.18 %,12
2024,Melbourne Storm,Jonah Pezet,45,8,2,240,3,Five-Eighth,240,18.18 %,9
2024,Wests Tigers,Starford To'a,27,6,0,129,3,Centre,129,18.18 %,13
2025,Parramatta Eels,Bailey Simonsson,45,7,3,461,6,Winger,301,18.18 %,8
2025,Parramatta Eels,Jake Tago,9,2,0,80,1,Winger,80,18.18 %,9
2024,Brisbane Broncos,Kotoni Staggs,352,54,24,1591,21,Centre,1591,18.14 %,10
2023,Parramatta Eels,Daejarn Asi,181,31,9,787,11,Five-Eighth,556,18.10 %,10
2024,Brisbane Broncos,Jock Madden,186,27,14,743,10,Halfback,683,18.06 %,11
2025,Newcastle Knights,Jakob Arthur,118,18,8,347,5,Five-Eighth,320,18.06 %,11
2023,Manly-Warringah Sea Eagles,Cooper Johns,132,21,8,564,9,Five-Eighth,466,18.01 %,10
2024,Parramatta Eels,Daejarn Asi,237,40,12,1060,18,Halfback,601,17.99 %,11
2024,Canberra Raiders,Albert Hopoate,73,14,2,710,16,Winger,400,17.98 %,8
2025,Melbourne Storm,Cameron Munster,561,89,34,1931,24,Five-Eighth,1849,17.98 %,11
2024,Warriors,Te Maire Martin,306,48,19,1302,16,Halfback,652,17.96 %,9
2025,Parramatta Eels,Will Penisini,274,44,16,1508,20,Centre,1508,17.96 %,10
2023,Sydney Roosters,Luke Keary,503,65,45,2025,26,Five-Eighth,1545,17.94 %,9
2023,South Sydney Rabbitohs,Lachlan Ilias,440,69,27,1922,24,Halfback,1922,17.91 %,8
2023,South Sydney Rabbitohs,Alex Johnston,101,15,7,1835,23,Winger,1835,17.89 %,9
2024,Penrith Panthers,Nathan Cleary,239,40,12,969,13,Halfback,969,17.87 %,8
2024,Warriors,Moala Graham-Taufa,46,8,2,240,5,Centre,240,17.86 %,10
2024,Sydney Roosters,Luke Keary,503,77,32,2068,26,Five-Eighth,1908,17.81 %,8
2024,Melbourne Storm,Cameron Munster,323,47,23,1256,17,Five-Eighth,1206,17.81 %,10
2024,Canberra Raiders,Matthew Timoko,351,54,22,1938,24,Centre,1938,17.80 %,9
2023,Brisbane Broncos,Adam Reynolds,365,45,34,1750,23,Halfback,1750,17.79 %,10
2025,Newcastle Knights,Kyle McCarthy,74,9,7,400,7,Centre,320,17.78 %,12
2024,Melbourne Storm,Jack Howarth,163,27,8,1073,20,Centre,941,17.68 %,11
2024,Wests Tigers,Aidan Sezer,326,53,17,1241,17,Halfback,1136,17.68 %,14
2023,Penrith Panthers,Izack Tago,238,36,15,1265,16,Centre,1265,17.65 %,8
2023,Wests Tigers,Starford To'a,238,36,15,1450,20,Centre,1360,17.65 %,13
2025,Gold Coast Titans,Phillip Sami,154,24,9,1666,21,Centre,958,17.65 %,11
2024,South Sydney Rabbitohs,Jye Gray,75,8,8,987,14,Fullback,987,17.58 %,15
2025,Sydney Roosters,Mark Nawaqanitawase,174,21,16,1826,24,Winger,1200,17.54 %,7
2025,St. George Illawarra Dragons,Lyhkan King-Togia,334,48,23,1360,17,Five-Eighth,1120,17.53 %,8
2023,Parramatta Eels,Will Penisini,396,64,20,1906,24,Centre,1906,17.50 %,11
2025,South Sydney Rabbitohs,Jack Wighton,203,28,15,1194,15,Centre,880,17.48 %,14
2024,St. George Illawarra Dragons,Jack Bird,147,21,10,930,14,Centre,684,17.42 %,8
2023,Melbourne Storm,Jayden Nikorima,19,3,1,80,1,Five-Eighth,80,17.39 %,13
2023,Warriors,Brayden Wiliame,19,4,0,160,4,Centre,160,17.39 %,10
2023,South Sydney Rabbitohs,Campbell Graham,352,54,20,1681,21,Centre,1681,17.37 %,10
2023,Melbourne Storm,Jahrome Hughes,343,51,21,1755,22,Halfback,1755,17.35 %,14
2025,Brisbane Broncos,Kotoni Staggs,405,66,19,1936,24,Centre,1936,17.35 %,8
2025,Penrith Panthers,Nathan Cleary,434,62,29,1677,22,Halfback,1627,17.33 %,8
2023,Brisbane Broncos,Jock Madden,105,18,4,400,7,Halfback,320,17.32 %,11
2024,Newcastle Knights,Bradman Best,249,34,18,1245,17,Centre,1245,17.28 %,8
2025,Penrith Panthers,Jack Cole,158,25,8,490,9,Five-Eighth,470,17.28 %,9
2024,Cronulla-Sutherland Sharks,Jesse Ramien,321,44,23,1872,24,Centre,1872,17.27 %,8
2024,Manly-Warringah Sea Eagles,Jamie Humphreys,24,4,1,80,2,Halfback,80,17.24 %,11
2023,Manly-Warringah Sea Eagles,Josh Schuster,241,34,16,1143,15,Five-Eighth,1118,17.18 %,11
2025,Gold Coast Titans,Kieran Foran,305,46,17,1184,15,Five-Eighth,1184,17.12 %,12
2023,Newcastle Knights,Bradman Best,369,47,29,2015,25,Centre,2015,17.08 %,9
2024,Penrith Panthers,Izack Tago,463,63,32,2072,26,Centre,2072,17.03 %,9
2025,North Queensland Cowboys,Viliami Vailea,156,23,9,1066,14,Centre,1066,17.02 %,10
2025,Wests Tigers,Adam Doueihi,298,42,19,1575,21,Centre,1121,16.99 %,11
2024,Sydney Roosters,Joseph Manu,357,58,15,1779,23,Centre,1619,16.98 %,9
2025,Melbourne Storm,Nick Meaney,329,45,22,1712,22,Centre,1325,16.92 %,12
2024,Canberra Raiders,Jamal Fogarty,305,37,25,1091,14,Halfback,1091,16.89 %,10
2025,Dolphins,Isaiya Katoa,538,74,35,1920,24,Halfback,1920,16.85 %,8
2023,Penrith Panthers,Nathan Cleary,381,53,24,1700,22,Halfback,1700,16.81 %,9
2023,St. George Illawarra Dragons,Jayden Sullivan,208,28,14,806,12,Five-Eighth,560,16.80 %,9
2025,Warriors,Adam Pompey,274,37,18,2002,25,Centre,1760,16.72 %,8
2023,Canterbury-Bankstown Bulldogs,Declan Casey,20,4,0,240,4,Winger,240,16.67 %,13
2023,Canberra Raiders,Brad Schneider,30,2,4,80,4,Five-Eighth,80,16.67 %,13
2024,North Queensland Cowboys,Jake Clifford,170,30,4,640,9,Halfback,480,16.67 %,9
2024,St. George Illawarra Dragons,Sione Finau,5,1,0,80,1,Winger,80,16.67 %,9
2024,Cronulla-Sutherland Sharks,Mawene Hiroti,10,1,1,80,6,Winger,80,16.67 %,9
2025,Penrith Panthers,Daine Laurie,60,9,3,591,16,Fullback,480,16.67 %,10
2025,St. George Illawarra Dragons,Christian Tuipulotu,20,4,0,643,9,Winger,643,16.67 %,9
2025,Manly-Warringah Sea Eagles,Reuben Garrick,302,44,16,1623,21,Centre,1143,16.57 %,8
2023,Canterbury-Bankstown Bulldogs,Toby Sexton,147,20,9,518,7,Halfback,518,16.48 %,14
2025,Canterbury-Bankstown Bulldogs,Enari Tuala,66,9,4,699,10,Winger,480,16.46 %,7
2024,Cronulla-Sutherland Sharks,Kayal Iro,376,49,25,1831,26,Centre,1831,16.44 %,10
2023,Dolphins,Brenko Lee,153,19,11,878,13,Centre,878,16.39 %,12
2024,Canberra Raiders,Ethan Strange,414,67,14,1698,22,Five-Eighth,1618,16.36 %,11
2025,Sydney Roosters,Sandon Smith,267,47,5,1197,18,Five-Eighth,1197,16.30 %,8
2023,St. George Illawarra Dragons,Moses Suli,258,31,19,1699,22,Centre,1699,16.23 %,10
2025,Canterbury-Bankstown Bulldogs,Blake Taaffe,31,5,1,100,6,Centre,80,16.22 %,8
2024,Newcastle Knights,Will Pryce,83,11,5,263,5,Five-Eighth,240,16.16 %,9
2025,Manly-Warringah Sea Eagles,Tom Trbojevic,130,23,2,1386,18,Fullback,986,16.13 %,9
2024,North Queensland Cowboys,Tom Dearden,495,67,28,1925,24,Five-Eighth,1925,16.10 %,10
2025,Dolphins,Max Feagai,99,10,9,640,8,Centre,560,16.10 %,9
2025,Brisbane Broncos,Ben Hunt,464,69,20,1606,21,Five-Eighth,941,16.09 %,9
2023,Wests Tigers,Triston Reilly,47,7,2,191,3,Centre,191,16.07 %,14
2023,Warriors,Shaun Johnson,455,46,41,1973,25,Halfback,1973,16.05 %,11
2025,Penrith Panthers,Thomas Jenkins,136,13,13,1650,22,Winger,1210,16.05 %,11
2025,North Queensland Cowboys,Jaxon Purdue,351,47,20,1920,24,Centre,1280,16.03 %,11
2023,St. George Illawarra Dragons,Zac Lomax,304,40,18,1588,20,Centre,1588,16.02 %,11
2024,Newcastle Knights,Thomas Jenkins,21,1,3,366,6,Winger,366,16.00 %,10
2024,Parramatta Eels,Dylan Brown,483,57,35,1892,24,Five-Eighth,1252,16.00 %,12
2025,Canberra Raiders,Ethan Strange,416,60,19,1943,24,Five-Eighth,1943,15.96 %,13
2024,Brisbane Broncos,Adam Reynolds,216,24,17,939,13,Halfback,939,15.95 %,12
2024,Penrith Panthers,Casey McLean,95,14,4,536,11,Centre,456,15.93 %,10
2024,Newcastle Knights,Tyson Gamble,296,44,12,933,14,Five-Eighth,902,15.91 %,11
2025,Warriors,Luke Metcalf,222,29,13,1186,15,Halfback,1186,15.91 %,9
2024,North Queensland Cowboys,Tom Chester,53,9,1,264,8,Centre,259,15.87 %,11
2025,Brisbane Broncos,Delouise Hoeter,16,2,1,80,2,Centre,80,15.79 %,10
2024,Canberra Raiders,Sebastian Kris,230,26,17,1586,21,Centre,1506,15.75 %,12
2024,Penrith Panthers,Brian To'o,129,15,9,1897,24,Winger,1897,15.69 %,11
2024,Dolphins,Kodi Nikorima,398,48,26,1490,21,Five-Eighth,1459,15.68 %,9
2024,Warriors,Ali Leiataua,70,9,4,467,7,Centre,467,15.66 %,11
2023,South Sydney Rabbitohs,Isaiah Tass,340,43,20,1842,23,Centre,1842,15.63 %,11
2025,Sydney Roosters,Robert Toia,448,33,50,1760,22,Centre,1760,15.63 %,9
2023,Canberra Raiders,Jamal Fogarty,509,60,34,1936,24,Halfback,1936,15.59 %,14
2024,St. George Illawarra Dragons,Kyle Flanagan,429,53,26,1587,20,Five-Eighth,1587,15.55 %,10
2024,Parramatta Eels,Ethan Sanders,60,9,2,160,3,Five-Eighth,160,15.49 %,13
2025,Warriors,Chanel Harris-Tavita,492,61,29,1922,24,Five-Eighth,1922,15.46 %,10
2023,Sydney Roosters,Daniel Tupou,93,15,2,1405,18,Winger,1405,15.45 %,10
2025,Warriors,Ali Leiataua,104,15,4,642,8,Centre,642,15.45 %,11
2025,Wests Tigers,Latu Fainu,248,38,7,842,16,Halfback,571,15.36 %,12
2024,Sydney Roosters,Michael Jennings,138,18,7,614,14,Centre,561,15.34 %,10
2025,North Queensland Cowboys,Thomas Duffy,105,14,5,373,8,Halfback,240,15.32 %,12
2025,Wests Tigers,Starford To'a,288,32,20,1469,19,Centre,1469,15.29 %,13
2025,Canterbury-Bankstown Bulldogs,Bronson Xerri,244,36,8,1841,24,Centre,1841,15.28 %,9
2025,Parramatta Eels,Joash Papalii,189,27,7,842,21,Five-Eighth,320,15.25 %,11
2024,St. George Illawarra Dragons,Jesse Marschke,95,10,7,252,7,Halfback,145,15.18 %,11
2024,Melbourne Storm,Reimis Smith,112,11,9,888,12,Centre,888,15.15 %,12
2023,Penrith Panthers,Jarome Luai,355,44,19,1659,22,Five-Eighth,1659,15.07 %,10
2025,Canterbury-Bankstown Bulldogs,Toby Sexton,417,46,28,1421,18,Halfback,1360,15.07 %,10
2023,Dolphins,Euan Aitken,340,30,30,1608,21,Centre,1467,15.00 %,13
2023,Sydney Roosters,Sam Walker,216,31,7,789,11,Halfback,789,14.96 %,11
2023,Manly-Warringah Sea Eagles,Kaeo Weekes,91,12,4,406,14,Fullback,230,14.95 %,12
2023,Sydney Roosters,Drew Hutchison,286,29,21,872,23,Centre,320,14.88 %,12
2025,Penrith Panthers,Izack Tago,454,56,23,1922,25,Centre,1819,14.82 %,12
2025,Sydney Roosters,Billy Smith,300,40,12,1371,19,Centre,1371,14.77 %,10
2024,St. George Illawarra Dragons,Max Feagai,139,19,5,906,12,Centre,906,14.72 %,12
2025,Wests Tigers,Taylan May,87,8,7,545,7,Centre,545,14.71 %,14
2023,Warriors,Te Maire Martin,180,21,10,682,9,Five-Eighth,602,14.69 %,12
2025,Canberra Raiders,Jamal Fogarty,553,71,24,1943,24,Halfback,1943,14.66 %,14
2025,Cronulla-Sutherland Sharks,Jesse Ramien,358,35,26,1853,24,Centre,1853,14.56 %,8
2025,Cronulla-Sutherland Sharks,Nicho Hynes,628,61,46,2169,27,Halfback,2169,14.56 %,9
2025,St. George Illawarra Dragons,Hayden Buchanan,106,13,5,400,5,Centre,400,14.52 %,10
2023,Cronulla-Sutherland Sharks,Jesse Ramien,319,38,16,2000,25,Centre,2000,14.48 %,9
2024,Dolphins,Sean O'Sullivan,201,24,10,495,11,Halfback,232,14.47 %,10
2025,Dolphins,Kodi Nikorima,396,51,16,1548,20,Five-Eighth,1548,14.47 %,10
2024,Canterbury-Bankstown Bulldogs,Toby Sexton,344,37,21,1228,18,Halfback,1203,14.43 %,12
2025,St. George Illawarra Dragons,Mathew Feagai,89,12,3,612,11,Centre,480,14.42 %,11
2023,Wests Tigers,Brandon Wakeham,341,36,21,1149,15,Five-Eighth,720,14.32 %,15
2024,Manly-Warringah Sea Eagles,Daly Cherry-Evans,437,54,19,1934,24,Halfback,1934,14.31 %,12
2024,South Sydney Rabbitohs,Dion Teaupa,84,11,3,312,10,Halfback,312,14.29 %,16
2024,North Queensland Cowboys,Zac Laybutt,36,5,1,261,4,Centre,261,14.29 %,12
2024,Wests Tigers,Declan Casey,18,3,0,68,1,Centre,68,14.29 %,15
2025,Penrith Panthers,Paul Alamoti,156,20,6,1510,24,Winger,1270,14.29 %,13
2025,Penrith Panthers,David Fale,18,2,1,80,1,Centre,80,14.29 %,14
2024,Newcastle Knights,Jack Cogger,362,33,27,1054,18,Five-Eighth,790,14.22 %,12
2024,Wests Tigers,Jayden Sullivan,175,22,7,525,9,Halfback,365,14.22 %,16
2025,Brisbane Broncos,Adam Reynolds,409,53,14,1632,22,Halfback,1632,14.08 %,11
2023,Dolphins,Sean O'Sullivan,339,34,21,1075,14,Halfback,995,13.96 %,14
2025,Sydney Roosters,Hugo Savala,480,43,34,1479,23,Halfback,880,13.82 %,11
2023,Warriors,Rocco Berry,269,28,15,1166,16,Centre,1166,13.78 %,13
2025,Warriors,Charnze Nicoll-Klokstad,195,28,3,1675,22,Fullback,1435,13.72 %,12
2024,Warriors,Adam Pompey,139,17,5,952,18,Centre,947,13.66 %,12
2025,South Sydney Rabbitohs,Jamie Humphreys,449,48,23,1287,18,Halfback,1237,13.65 %,15
2024,Penrith Panthers,Jack Cole,190,22,8,518,9,Five-Eighth,374,13.64 %,12
2024,Dolphins,Herbie Farnworth,260,31,10,1598,20,Centre,1598,13.62 %,11
2023,St. George Illawarra Dragons,Max Feagai,70,8,3,400,6,Centre,320,13.58 %,12
2023,Penrith Panthers,Jack Cogger,268,28,13,878,16,Halfback,399,13.27 %,11
2023,Sydney Roosters,Sandon Smith,229,20,15,700,16,Halfback,480,13.26 %,13
2024,St. George Illawarra Dragons,Moses Suli,164,17,8,1432,19,Centre,1432,13.23 %,13
2025,Manly-Warringah Sea Eagles,Daly Cherry-Evans,415,45,18,1835,23,Halfback,1835,13.18 %,10
2025,Cronulla-Sutherland Sharks,Kayal Iro,224,24,10,1050,14,Centre,1050,13.18 %,10
2025,Canterbury-Bankstown Bulldogs,Stephen Crichton,232,25,10,1606,21,Centre,1606,13.11 %,11
2025,Parramatta Eels,Dylan Brown,358,32,22,1479,19,Five-Eighth,1239,13.11 %,12
2023,Cronulla-Sutherland Sharks,Nicho Hynes,398,38,22,1669,21,Halfback,1669,13.10 %,10
2024,Penrith Panthers,Taylan May,126,15,4,626,8,Centre,626,13.10 %,13
2024,Melbourne Storm,Tyran Wishart,466,42,28,1355,27,Five-Eighth,630,13.06 %,13
2025,St. George Illawarra Dragons,Nick Tsougranis,20,2,1,80,4,Centre,80,13.04 %,12
2025,St. George Illawarra Dragons,Kyle Flanagan,540,51,30,1924,24,Halfback,1120,13.04 %,13
2023,Brisbane Broncos,Herbie Farnworth,311,24,21,2053,26,Centre,2053,12.64 %,12
2024,Newcastle Knights,Kyle McCarthy,21,2,1,85,2,Centre,85,12.50 %,13
2025,Cronulla-Sutherland Sharks,Chris Vea'ila,35,4,1,160,2,Centre,160,12.50 %,11
2025,Newcastle Knights,Fletcher Sharpe,303,25,18,1088,14,Five-Eighth,929,12.43 %,13
2024,Warriors,Rocco Berry,242,23,11,915,12,Centre,915,12.32 %,13
2024,Cronulla-Sutherland Sharks,Nicho Hynes,431,43,17,1395,18,Halfback,1315,12.22 %,11
2023,Parramatta Eels,Dylan Brown,417,34,24,1367,17,Five-Eighth,1207,12.21 %,12
2023,Newcastle Knights,Jackson Hastings,391,35,19,1644,22,Halfback,1644,12.13 %,10
2025,Canterbury-Bankstown Bulldogs,Lachlan Galvin,283,28,11,1011,14,Halfback,720,12.11 %,12
2025,Penrith Panthers,Brad Schneider,291,32,8,652,25,Halfback,376,12.08 %,15
2024,Warriors,Chanel Harris-Tavita,234,24,8,850,18,Five-Eighth,642,12.03 %,14
2025,Parramatta Eels,Jordan Samrani,165,13,9,623,19,Centre,240,11.76 %,13
2025,Dolphins,Sean O'Sullivan,115,12,3,239,14,Five-Eighth,160,11.54 %,11
2025,Sydney Roosters,Chad Townsend,179,18,5,477,7,Halfback,397,11.39 %,12
2024,Wests Tigers,Lachlan Galvin,414,32,20,1665,21,Five-Eighth,1665,11.16 %,17
2024,North Queensland Cowboys,Jaxon Purdue,56,5,2,287,11,Centre,150,11.11 %,13
2023,Canterbury-Bankstown Bulldogs,Kyle Flanagan,323,29,11,922,17,Halfback,635,11.02 %,15
2024,Newcastle Knights,Jackson Hastings,317,27,12,1273,16,Halfback,1273,10.96 %,14
2025,Gold Coast Titans,Tony Francis,41,5,0,603,10,Winger,530,10.87 %,13
2023,Gold Coast Titans,Toby Sexton,25,1,2,80,1,Five-Eighth,80,10.71 %,12
2024,St. George Illawarra Dragons,Lyhkan King-Togia,42,5,0,146,5,Five-Eighth,80,10.64 %,14
2023,South Sydney Rabbitohs,Izaac Thompson,34,2,2,545,7,Winger,545,10.53 %,12
2025,Newcastle Knights,Jackson Hastings,119,7,7,337,7,Five-Eighth,320,10.53 %,14
2025,St. George Illawarra Dragons,Moses Suli,206,15,9,1544,20,Centre,1544,10.43 %,14
2023,Manly-Warringah Sea Eagles,Daly Cherry-Evans,414,35,12,1767,22,Halfback,1767,10.20 %,13
2023,Warriors,Ali Leiataua,18,0,2,68,1,Centre,68,10.00 %,14
2023,Newcastle Knights,Enari Tuala,55,1,5,480,6,Centre,400,9.84 %,11
2024,Gold Coast Titans,Harley Smith-Shields,56,5,1,408,7,Centre,328,9.68 %,14
2024,Sydney Roosters,Mark Nawaqanitawase,10,0,1,80,1,Winger,80,9.09 %,11
2025,Dolphins,Herbie Farnworth,282,18,10,1458,19,Centre,1458,9.03 %,12
2023,Parramatta Eels,Jakob Arthur,22,1,1,80,12,Halfback,80,8.33 %,13
2024,Newcastle Knights,Thomas Cant,57,4,1,148,12,Centre,80,8.06 %,15
2023,Brisbane Broncos,Jordan Pereira,8,0,0,80,3,Winger,80,0.00 %,13
2023,Brisbane Broncos,Josh Rogers,24,0,0,80,1,Five-Eighth,80,0.00 %,14
2024,Canterbury-Bankstown Bulldogs,Jonathan Sua,3,0,0,80,1,Winger,80,0.00 %,13
2024,Penrith Panthers,Jesse McLean,2,0,0,80,2,Winger,80,0.00 %,14
2024,Melbourne Storm,Young Tonumaipea,6,0,0,80,1,Centre,80,0.00 %,14
2024,Melbourne Storm,Marion Seve,1,0,0,15,1,Centre,15,0.00 %,15
2024,Cronulla-Sutherland Sharks,Liam Ison,6,0,0,80,1,Fullback,80,0.00 %,12
2025,Sydney Roosters,Tom Rodwell,5,0,0,80,2,Winger,80,0.00 %,13
2025,Melbourne Storm,Siulagi Tuimalatu-Brown,1,0,0,80,3,Winger,80,0.00 %,13
2025,Wests Tigers,Heamasi Makasini,1,0,0,80,1,Winger,80,0.00 %,15
2025,Wests Tigers,Izaac Thompson,10,0,0,80,1,Winger,80,0.00 %,16
