player_name,games_played,minutes_played,all_run_metres,all_runs,tries,try_assists,line_breaks,line_break_assists,hit_ups,kicks,bomb_kicks,kicks_defused,kick_return_metres,errors,handling_errors,tackles_made,ineffective_tackles,missed_tackles,one_on_one_lost,penalties,primary_position,primary_position_group,primary_team_name,avg_errors_per_game,tackle_failure_rate,kicks_defused_per_game,kick_return_metres_per_game,kicks_defused_per80,kick_return_metres_per80,rank_league_avg_errors
Fletcher Hunt,12,906,1162,161,5,1,2,1,6,3,0,19,375,26,27,109,9,32,0,0,Winger,Backs,Newcastle Knights,4.42,27.33 %,1.58,31.25,1.68,33.11,1
Reece Walsh,57,4476,8600,901,37,60,44,88,12,222,20,118,1953,122,112,222,17,89,0,31,Fullback,Backs,Brisbane Broncos,4.11,32.32 %,2.07,34.26,2.11,34.91,2
Zac Lomax,60,4782,10162,1194,30,14,29,18,12,32,6,60,905,132,109,528,38,88,3,17,Winger,Backs,St. George Illawarra Dragons,4.02,19.27 %,1,15.08,1,15.14,3
Declan Casey,5,308,241,29,1,0,2,0,1,0,0,2,46,12,8,38,0,7,1,1,Winger,Backs,Canterbury-Bankstown Bulldogs,4,15.56 %,0.4,9.2,0.52,11.95,4
Robert Derby,19,1419,2973,326,9,0,13,0,14,2,0,34,534,35,35,88,18,24,0,3,Winger,Backs,North Queensland Cowboys,3.68,32.31 %,1.79,28.11,1.92,30.11,5
Mark Nawaqanitawase,25,1906,3299,374,25,7,23,10,1,8,1,36,481,46,39,184,17,21,0,3,Winger,Backs,Sydney Roosters,3.4,17.12 %,1.44,19.24,1.51,20.19,6
Xavier Savage,47,3654,5709,579,28,3,20,2,26,15,1,58,602,81,78,188,18,56,0,8,Winger,Backs,Canberra Raiders,3.38,28.24 %,1.23,12.81,1.27,13.18,7
Jordan Rapana,39,2909,5199,615,17,14,25,15,38,16,1,104,1318,69,62,252,15,63,0,20,Winger,Backs,Canberra Raiders,3.36,23.64 %,2.67,33.79,2.86,36.25,8
Tom Trbojevic,49,3850,8912,962,33,37,33,49,34,15,3,118,2329,81,81,255,10,55,0,14,Fullback,Backs,Manly-Warringah Sea Eagles,3.31,20.31 %,2.41,47.53,2.45,48.39,9
Allan Fitzgibbon,6,433,612,66,2,0,2,0,2,0,0,4,98,9,10,21,1,10,0,2,Winger,Backs,Gold Coast Titans,3.17,34.38 %,0.67,16.33,0.74,18.11,10
David Armstrong,5,390,809,78,5,1,4,1,0,2,0,13,371,8,7,26,0,7,0,0,Fullback,Backs,Newcastle Knights,3,21.21 %,2.6,74.2,2.67,76.1,11
Jahream Bula,57,4544,9265,1018,23,20,22,28,15,17,0,144,2596,83,88,375,23,102,0,11,Fullback,Backs,Wests Tigers,3,25.00 %,2.53,45.54,2.54,45.7,12
Ronaldo Mulitalo,72,5768,10609,1135,56,17,80,10,29,24,1,123,1744,116,96,361,29,97,0,19,Winger,Backs,Cronulla-Sutherland Sharks,2.94,25.87 %,1.71,24.22,1.71,24.19,13
Scott Drinkwater,71,5644,11025,1266,32,75,45,83,15,334,118,141,3366,106,102,368,39,149,1,12,Fullback,Backs,North Queensland Cowboys,2.93,33.81 %,1.99,47.41,2,47.71,14
Lachlan Miller,13,961,2141,239,2,3,3,5,15,6,2,32,570,20,18,51,3,17,0,7,Fullback,Backs,Newcastle Knights,2.92,28.17 %,2.46,43.85,2.66,47.45,15
Selwyn Cobbo,58,4621,8383,864,32,7,39,14,30,16,0,92,1706,91,73,385,29,84,0,13,Winger,Backs,Brisbane Broncos,2.83,22.69 %,1.59,29.41,1.59,29.53,16
Jason Saab,56,4264,6936,634,36,16,63,2,21,13,0,51,847,89,69,345,34,79,0,11,Winger,Backs,Manly-Warringah Sea Eagles,2.82,24.67 %,0.91,15.12,0.96,15.89,17
Dominic Young,66,5197,9166,953,55,10,75,5,10,24,1,86,757,99,86,210,15,49,1,10,Winger,Backs,Newcastle Knights,2.8,23.36 %,1.3,11.47,1.32,11.65,18
Junior Tupou,33,2597,4084,427,8,2,22,4,7,10,0,44,1032,49,43,89,13,28,0,5,Winger,Backs,Wests Tigers,2.79,31.54 %,1.33,31.27,1.36,31.79,19
Izaac Thompson,14,938,1559,153,4,2,6,0,6,1,0,19,145,22,16,64,7,8,0,1,Winger,Backs,South Sydney Rabbitohs,2.71,18.99 %,1.36,10.36,1.62,12.37,20
Will Warbrick,56,4419,8459,825,37,5,42,2,32,5,0,63,1251,79,69,263,33,74,1,5,Winger,Backs,Melbourne Storm,2.64,28.92 %,1.12,22.34,1.14,22.65,21
Robert Jennings,5,324,536,63,2,0,1,0,0,1,0,2,96,7,6,23,7,8,0,1,Winger,Backs,Dolphins,2.6,39.47 %,0.4,19.2,0.49,23.7,22
Kalyn Ponga,49,3719,7731,827,13,41,40,50,4,196,49,126,2293,70,54,224,15,103,0,10,Fullback,Backs,Newcastle Knights,2.53,34.50 %,2.57,46.8,2.71,49.33,23
Edward Kosi,21,1545,2426,261,10,0,9,2,5,3,0,20,471,31,22,82,7,25,0,2,Winger,Backs,Warriors,2.52,28.07 %,0.95,22.43,1.04,24.39,24
Latrell Mitchell,38,2998,4547,540,19,38,14,45,7,206,48,94,1263,53,42,162,13,38,0,16,Fullback,Backs,South Sydney Rabbitohs,2.5,23.94 %,2.47,33.24,2.51,33.7,25
Dallin Watene-Zelezniak,58,4547,8283,864,46,6,46,3,24,11,0,76,1509,81,59,296,13,79,0,12,Winger,Backs,Warriors,2.41,23.71 %,1.31,26.02,1.34,26.55,26
Ben Hunt,65,5126,4060,678,14,58,18,44,3,769,223,20,54,87,69,1187,65,219,1,18,Halfback,Backs,St. George Illawarra Dragons,2.4,19.31 %,0.31,0.83,0.31,0.84,27
Daniel Tupou,66,5239,11366,1136,50,11,64,11,14,13,1,83,2269,87,71,257,12,51,1,11,Winger,Backs,Sydney Roosters,2.39,19.69 %,1.26,34.38,1.27,34.65,28
Tyrell Sloan,67,5206,7627,852,40,21,52,17,10,55,3,151,1724,80,80,331,23,89,1,21,Fullback,Backs,St. George Illawarra Dragons,2.39,25.28 %,2.25,25.73,2.32,26.49,29
Blaize Talagi,45,3234,4201,489,17,20,20,19,8,61,21,19,287,59,48,721,59,164,3,10,Five-Eighth,Backs,Penrith Panthers,2.38,23.62 %,0.42,6.38,0.47,7.1,30
Brian Kelly,66,5130,8707,975,18,26,30,46,8,31,0,29,387,84,73,929,73,237,1,37,Centre,Backs,Gold Coast Titans,2.38,25.02 %,0.44,5.86,0.45,6.04,31
Ryan Papenhuyzen,44,3267,5961,705,29,19,30,27,19,50,8,105,1458,59,45,166,8,46,0,18,Fullback,Backs,Melbourne Storm,2.36,24.55 %,2.39,33.14,2.57,35.7,32
Jacob Kiraz,63,4956,11234,1248,29,9,39,23,50,21,2,54,1143,79,69,418,36,77,0,12,Winger,Backs,Canterbury-Bankstown Bulldogs,2.35,21.28 %,0.86,18.14,0.87,18.45,33
Jack Bostock,40,3080,5549,625,25,9,30,2,17,11,0,61,999,49,45,170,20,36,0,10,Winger,Backs,Dolphins,2.35,24.78 %,1.52,24.98,1.58,25.95,34
Jack Wighton,58,4559,6345,751,19,15,22,29,24,263,48,18,142,77,59,857,53,150,0,36,Five-Eighth,Backs,South Sydney Rabbitohs,2.34,19.15 %,0.31,2.45,0.32,2.49,35
Clinton Gutherson,68,5402,10865,1219,35,45,42,54,19,56,4,156,3302,85,74,345,25,97,1,34,Fullback,Backs,Parramatta Eels,2.34,26.12 %,2.29,48.56,2.31,48.9,36
Murray Taulagi,53,4155,8707,823,32,11,57,9,24,8,0,51,906,71,53,223,32,57,1,11,Winger,Backs,North Queensland Cowboys,2.34,28.53 %,0.96,17.09,0.98,17.44,37
Nathan Lawson,6,320,505,60,2,0,1,0,3,0,0,5,109,8,6,20,1,4,0,0,Winger,Backs,St. George Illawarra Dragons,2.33,20.00 %,0.83,18.17,1.25,27.25,38
Savelio Tamale,19,1468,2873,308,7,1,16,1,13,4,0,18,566,21,23,46,3,17,2,7,Winger,Backs,Canberra Raiders,2.32,30.30 %,0.95,29.79,0.98,30.84,39
Isaiah Iongi,23,1754,3862,451,8,12,10,9,11,8,1,67,1367,29,24,122,11,38,0,5,Fullback,Backs,Parramatta Eels,2.3,28.65 %,2.91,59.43,3.06,62.35,40
Valentine Holmes,56,4462,8935,875,30,25,38,33,32,17,0,18,170,68,61,512,43,125,0,16,Centre,Backs,North Queensland Cowboys,2.3,24.71 %,0.32,3.04,0.32,3.05,41
Jeremiah Nanai,57,4075,4801,535,28,9,19,13,483,6,0,3,26,68,61,1516,73,194,1,25,2nd Row,Forwards,North Queensland Cowboys,2.26,14.97 %,0.05,0.46,0.06,0.51,42
Kotoni Staggs,71,5584,8687,865,33,16,51,15,27,26,3,28,271,83,76,1116,76,204,0,38,Centre,Backs,Brisbane Broncos,2.24,20.06 %,0.39,3.82,0.4,3.88,43
Liam Martin,61,4286,5268,600,13,4,20,5,571,3,0,2,97,71,65,1817,96,197,0,25,2nd Row,Forwards,Penrith Panthers,2.23,13.89 %,0.03,1.59,0.04,1.81,44
Greg Marzhew,62,4978,11984,1144,35,3,46,6,42,4,0,108,2654,76,61,117,17,42,2,13,Winger,Backs,Newcastle Knights,2.21,33.52 %,1.74,42.81,1.74,42.65,45
Xavier Coates,59,4570,8051,820,46,16,37,4,27,23,0,85,1688,68,62,198,17,55,1,7,Winger,Backs,Melbourne Storm,2.2,26.67 %,1.44,28.61,1.49,29.55,46
Bayleigh Bentley-Hape,10,613,950,111,3,0,2,0,1,3,1,9,183,12,10,40,5,14,0,2,Winger,Backs,South Sydney Rabbitohs,2.2,32.20 %,0.9,18.3,1.17,23.88,47
Tyrone Munro,21,1354,2398,271,13,1,12,0,11,10,1,15,233,26,20,83,10,27,0,3,Winger,Backs,South Sydney Rabbitohs,2.19,30.83 %,0.71,11.1,0.89,13.77,48
Robert Toia,22,1760,2483,287,7,8,9,12,3,3,0,5,16,26,22,448,50,33,0,3,Centre,Backs,Sydney Roosters,2.18,15.63 %,0.23,0.73,0.23,0.73,49
Dane Gagai,68,5450,10375,1143,14,25,34,43,63,13,2,42,595,84,64,1171,76,250,5,27,Centre,Backs,Newcastle Knights,2.18,21.78 %,0.62,8.75,0.62,8.73,50
Blake Wilson,34,2080,3942,441,12,7,25,1,31,6,0,24,455,44,30,103,15,42,1,5,Winger,Backs,Canterbury-Bankstown Bulldogs,2.18,35.62 %,0.71,13.38,0.92,17.5,51
Nicho Hynes,66,5233,7427,1021,15,62,16,78,6,633,172,27,37,78,65,1457,85,142,0,34,Halfback,Backs,Cronulla-Sutherland Sharks,2.17,13.48 %,0.41,0.56,0.41,0.57,52
Mikaele Ravalawa,36,2848,5312,540,24,0,33,1,4,2,0,63,1336,46,32,114,14,57,0,4,Winger,Backs,St. George Illawarra Dragons,2.17,38.38 %,1.75,37.11,1.77,37.53,53
Maika Sivo,32,2496,3714,389,37,3,43,1,12,10,0,46,1189,39,30,84,8,30,1,11,Winger,Backs,Parramatta Eels,2.16,31.15 %,1.44,37.16,1.47,38.11,54
Jamayne Isaako,72,5769,10728,1075,47,6,62,3,26,15,1,100,1319,89,66,338,42,95,1,16,Winger,Backs,Dolphins,2.15,28.84 %,1.39,18.32,1.39,18.29,55
Trai Fuller,20,1161,2990,290,7,6,16,9,9,7,0,41,798,22,21,124,10,32,0,0,Fullback,Backs,Dolphins,2.15,25.30 %,2.05,39.9,2.83,54.99,56
Tolutau Koula,62,4725,9197,852,32,19,38,26,7,21,0,25,524,72,61,571,64,125,2,17,Centre,Backs,Manly-Warringah Sea Eagles,2.15,24.87 %,0.4,8.45,0.42,8.87,57
Alofiana Khan-Pereira,59,4316,6451,583,53,8,68,3,17,19,0,75,837,72,53,223,32,104,0,8,Winger,Backs,Gold Coast Titans,2.12,37.88 %,1.27,14.19,1.39,15.51,58
Fletcher Sharpe,26,1989,3213,310,22,2,20,5,8,19,1,31,541,28,27,377,22,40,1,9,Five-Eighth,Backs,Newcastle Knights,2.12,14.12 %,1.19,20.81,1.25,21.76,59
James Tedesco,72,5617,13868,1419,39,57,60,70,37,50,2,127,3524,76,77,284,26,66,0,10,Fullback,Backs,Sydney Roosters,2.12,24.47 %,1.76,48.94,1.81,50.19,60
Luke Laulilii,10,649,939,101,4,0,4,0,2,0,0,10,108,12,9,46,3,24,0,1,Winger,Backs,Wests Tigers,2.1,36.99 %,1,10.8,1.23,13.31,61
Sione Katoa,64,5119,8997,1001,37,3,52,3,35,16,0,84,1383,72,61,182,19,77,1,13,Winger,Backs,Cronulla-Sutherland Sharks,2.08,34.53 %,1.31,21.61,1.31,21.61,62
Kyle Feldt,47,3428,7045,701,36,3,41,2,22,17,1,70,988,55,42,256,16,47,0,15,Winger,Backs,North Queensland Cowboys,2.06,19.75 %,1.49,21.02,1.63,23.06,63
Adam Doueihi,34,2591,4116,427,10,11,19,11,29,137,28,17,134,38,32,439,27,74,0,16,Centre,Backs,Wests Tigers,2.06,18.70 %,0.5,3.94,0.52,4.14,64
Will Penisini,67,5224,8611,867,24,19,32,26,22,32,0,9,112,73,65,1022,70,170,0,18,Centre,Backs,Parramatta Eels,2.06,19.02 %,0.13,1.67,0.14,1.72,65
Semi Valemei,17,1369,2794,288,14,0,15,0,1,0,0,18,312,20,15,70,10,33,0,3,Winger,Backs,North Queensland Cowboys,2.06,38.05 %,1.06,18.35,1.05,18.23,66
Bailey Simonsson,37,2714,4909,532,15,9,15,10,8,11,0,16,258,39,37,264,32,59,0,11,Centre,Backs,Parramatta Eels,2.05,25.63 %,0.43,6.97,0.47,7.61,67
Gehamat Shibasaki,28,2238,4292,455,18,6,24,7,32,3,0,5,21,31,26,294,19,51,0,16,Centre,Backs,Brisbane Broncos,2.04,19.23 %,0.18,0.75,0.18,0.75,68
Moses Suli,61,4675,8565,843,6,19,15,30,42,9,0,14,129,65,59,628,36,63,3,7,Centre,Backs,St. George Illawarra Dragons,2.03,13.62 %,0.23,2.11,0.24,2.21,69
Chevy Stewart,6,330,515,62,0,0,1,0,1,2,0,20,245,6,6,16,2,13,0,2,Fullback,Backs,Canberra Raiders,2,48.39 %,3.33,40.83,4.85,59.39,70
Waqa Blake,8,567,722,91,0,2,1,1,5,0,0,6,27,10,6,53,9,16,0,2,Centre,Backs,Parramatta Eels,2,32.05 %,0.75,3.38,0.85,3.81,71
Cody Walker,54,4116,4021,613,18,50,24,52,10,333,64,9,67,57,51,940,57,179,0,20,Five-Eighth,Backs,South Sydney Rabbitohs,2,20.07 %,0.17,1.24,0.17,1.3,72
Moala Graham-Taufa,6,320,514,50,1,1,2,1,0,2,0,1,4,7,5,72,5,13,0,0,Centre,Backs,Warriors,2,20.00 %,0.17,0.67,0.25,1,73
Campbell Graham,32,2552,4397,460,16,6,21,9,18,7,0,7,120,32,31,490,28,79,0,8,Centre,Backs,South Sydney Rabbitohs,1.97,17.92 %,0.22,3.75,0.22,3.76,74
Izack Tago,67,5259,9087,899,27,23,29,37,25,23,0,12,174,75,56,1155,70,155,1,40,Centre,Backs,Penrith Panthers,1.96,16.30 %,0.18,2.6,0.18,2.65,75
James Schiller,34,1921,3599,351,15,2,29,1,11,8,0,17,452,36,30,113,6,46,1,6,Winger,Backs,Newcastle Knights,1.94,31.52 %,0.5,13.29,0.71,18.82,76
Deine Mariner,54,3451,5857,583,34,9,35,3,28,16,0,29,795,59,46,328,27,62,2,12,Winger,Backs,Brisbane Broncos,1.94,21.34 %,0.54,14.72,0.67,18.43,77
Thomas Jenkins,33,2425,4310,462,18,6,26,4,10,9,0,35,824,37,27,193,21,20,0,5,Winger,Backs,Penrith Panthers,1.94,17.52 %,1.06,24.97,1.15,27.18,78
David Nofoaluma,17,1331,2156,248,5,1,6,1,15,2,0,17,336,21,12,86,6,22,0,1,Winger,Backs,Wests Tigers,1.94,24.56 %,1,19.76,1.02,20.2,79
Marcelo Montoya,64,5044,9059,1061,27,3,44,2,29,3,0,81,1589,70,54,274,21,93,0,15,Winger,Backs,Warriors,1.94,29.38 %,1.27,24.83,1.28,25.2,80
Billy Smith,34,2559,3622,409,12,8,12,18,13,5,0,7,82,37,29,551,31,80,0,23,Centre,Backs,Sydney Roosters,1.94,16.77 %,0.21,2.41,0.22,2.56,81
Joseph Suaalii,42,3228,5274,544,13,12,23,13,15,4,0,30,383,44,37,315,18,57,0,13,Centre,Backs,Sydney Roosters,1.93,19.23 %,0.71,9.12,0.74,9.49,82
Alexander Brimson,50,3773,6458,657,21,30,32,19,13,97,15,58,1378,45,51,506,40,93,0,5,Fullback,Backs,Gold Coast Titans,1.92,20.81 %,1.16,27.56,1.23,29.22,83
Dylan Edwards,66,5261,14360,1501,28,23,32,35,28,26,4,154,5531,65,61,337,20,90,0,7,Fullback,Backs,Penrith Panthers,1.91,24.61 %,2.33,83.8,2.34,84.11,84
Jake Tago,10,595,637,74,5,0,6,0,0,1,0,5,65,11,8,47,4,15,0,4,Winger,Backs,Parramatta Eels,1.9,28.79 %,0.5,6.5,0.67,8.74,85
Jethro Rinakama,9,471,775,101,3,0,3,0,0,0,0,7,39,9,8,34,1,7,0,0,Winger,Backs,Canterbury-Bankstown Bulldogs,1.89,19.05 %,0.78,4.33,1.19,6.62,86
Solomon Alaimalo,9,606,838,108,2,2,2,1,7,0,0,17,88,9,8,31,2,10,0,1,Winger,Backs,Wests Tigers,1.89,27.91 %,1.89,9.78,2.24,11.62,87
Joseph Manu,44,3345,5798,650,18,14,17,23,18,39,7,37,464,47,36,720,36,137,0,18,Centre,Backs,Sydney Roosters,1.89,19.37 %,0.84,10.55,0.88,11.1,88
William Kennedy,72,5703,10228,1095,27,28,24,31,38,28,1,194,4777,71,65,430,40,134,1,10,Fullback,Backs,Cronulla-Sutherland Sharks,1.89,28.81 %,2.69,66.35,2.72,67.01,89
Paul Alamoti,59,4258,7456,804,27,10,34,11,11,15,0,36,580,59,52,589,36,116,0,22,Centre,Backs,Penrith Panthers,1.88,20.51 %,0.61,9.83,0.68,10.9,90
Jed Stuart,17,898,1063,130,5,2,5,2,7,2,0,15,193,18,14,67,6,12,0,1,Winger,Backs,Canberra Raiders,1.88,21.18 %,0.88,11.35,1.34,17.19,91
Bradman Best,60,4700,8935,833,26,29,33,35,14,19,0,31,163,61,52,872,69,136,0,11,Centre,Backs,Newcastle Knights,1.88,19.03 %,0.52,2.72,0.53,2.77,92
Casey McLean,36,2280,3726,396,19,13,20,18,12,10,0,6,30,39,28,385,32,72,1,4,Centre,Backs,Penrith Panthers,1.86,21.27 %,0.17,0.83,0.21,1.05,93
Jesse Ramien,73,5725,10610,1138,20,22,28,28,40,6,0,10,65,75,61,998,65,117,1,43,Centre,Backs,Cronulla-Sutherland Sharks,1.86,15.42 %,0.14,0.89,0.14,0.91,94
Nick Meaney,71,5608,8957,971,25,21,26,24,29,20,5,75,1380,68,64,870,71,160,1,10,Centre,Backs,Melbourne Storm,1.86,20.98 %,1.06,19.44,1.07,19.69,95
Tristan Sailor,20,1090,1819,222,1,10,3,11,6,27,2,53,441,19,18,81,7,24,0,1,Fullback,Backs,Brisbane Broncos,1.85,27.68 %,2.65,22.05,3.89,32.37,96
Jake Clifford,25,1760,1540,193,6,13,7,9,4,199,63,2,15,26,20,432,28,65,0,14,Halfback,Backs,North Queensland Cowboys,1.84,17.71 %,0.08,0.6,0.09,0.68,97
Lehi Hopoate,36,2683,5637,606,17,16,24,15,2,6,0,68,1392,35,31,147,12,42,1,4,Winger,Backs,Manly-Warringah Sea Eagles,1.83,26.87 %,1.89,38.67,2.03,41.51,98
Matt Burton,67,5257,6661,718,19,33,25,30,10,699,206,8,51,68,54,1050,74,195,0,47,Five-Eighth,Backs,Canterbury-Bankstown Bulldogs,1.82,20.39 %,0.12,0.76,0.12,0.78,99
Will Pryce,5,263,417,43,1,0,2,0,1,24,6,0,1,4,5,83,5,11,0,1,Five-Eighth,Backs,Newcastle Knights,1.8,16.16 %,0,0.2,0,0.3,100
Kyle McCarthy,9,485,873,106,1,0,2,0,3,0,0,4,11,10,6,95,8,11,0,3,Centre,Backs,Newcastle Knights,1.78,16.67 %,0.44,1.22,0.66,1.81,101
Hamiso Tabuai-Fidow,57,4454,8990,862,52,13,32,34,9,16,2,152,2875,53,48,362,41,89,0,13,Fullback,Backs,Dolphins,1.77,26.42 %,2.67,50.44,2.73,51.64,102
Roger Tuivasa-Sheck,38,2912,7388,721,17,3,22,5,20,2,0,43,972,34,33,254,18,51,1,9,Winger,Backs,Warriors,1.76,21.36 %,1.13,25.58,1.18,26.7,103
Reuben Garrick,66,4970,8609,929,34,18,44,22,42,29,0,54,716,60,56,817,59,138,1,20,Centre,Backs,Manly-Warringah Sea Eagles,1.76,19.43 %,0.82,10.85,0.87,11.53,104
Raymond Tuaimalo Vaega,12,781,1244,129,3,0,7,0,7,0,0,14,190,11,10,51,7,10,0,2,Winger,Backs,Manly-Warringah Sea Eagles,1.75,25.00 %,1.17,15.83,1.43,19.46,105
Josh Addo-Carr,51,3906,6944,636,41,7,57,1,24,26,0,63,1246,52,36,230,29,48,0,11,Winger,Backs,Canterbury-Bankstown Bulldogs,1.73,25.08 %,1.24,24.43,1.29,25.52,106
Morgan Harper,18,1370,1724,208,4,2,6,4,22,4,0,2,44,15,16,283,18,58,0,4,Centre,Backs,Manly-Warringah Sea Eagles,1.72,21.17 %,0.11,2.44,0.12,2.57,107
Jaxon Purdue,35,2207,3432,345,16,9,19,12,9,19,6,7,113,34,26,407,22,52,2,8,Centre,Backs,North Queensland Cowboys,1.71,15.38 %,0.2,3.23,0.25,4.1,108
Luke Metcalf,34,2598,2576,273,17,16,16,17,3,216,49,6,5,31,27,535,36,79,1,9,Five-Eighth,Backs,Warriors,1.71,17.69 %,0.18,0.15,0.18,0.15,109
Eliesa Katoa,72,5486,9076,947,32,17,33,19,867,9,1,10,127,66,57,2210,99,197,0,38,2nd Row,Forwards,Melbourne Storm,1.71,11.81 %,0.14,1.76,0.15,1.85,110
Phillip Sami,56,4287,9667,978,31,4,33,9,44,3,0,38,525,53,42,342,23,63,0,11,Winger,Backs,Gold Coast Titans,1.7,20.09 %,0.68,9.38,0.71,9.8,111
Justin Olam,30,2272,3631,392,12,2,12,5,9,4,0,7,1,27,24,234,21,71,0,10,Centre,Backs,Melbourne Storm,1.7,28.22 %,0.23,0.03,0.25,0.04,112
Corey Oates,29,1683,3436,311,3,2,14,0,12,4,0,38,1038,26,23,81,13,27,1,2,Winger,Backs,Brisbane Broncos,1.69,33.06 %,1.31,35.79,1.81,49.34,113
Brad Parker,19,1429,1479,163,5,2,4,5,4,1,0,9,69,17,15,219,27,52,1,7,Centre,Backs,Manly-Warringah Sea Eagles,1.68,26.51 %,0.47,3.63,0.5,3.86,114
Sosefo Fifita,54,3902,6092,608,24,7,27,5,4,2,0,58,729,50,40,547,42,91,0,5,Winger,Backs,Gold Coast Titans,1.67,19.56 %,1.07,13.5,1.19,14.95,115
Brandon Wakeham,15,1149,868,138,2,7,2,7,1,129,32,7,27,13,12,341,21,36,0,13,Five-Eighth,Backs,Wests Tigers,1.67,14.32 %,0.47,1.8,0.49,1.88,116
Leka Halasima,29,1544,2402,236,13,0,8,1,201,0,0,1,13,24,24,660,23,48,0,10,2nd Row,Forwards,Warriors,1.66,9.71 %,0.03,0.45,0.05,0.67,117
Christian Tuipulotu,34,2550,5147,533,18,1,31,1,14,0,0,36,257,29,27,93,5,27,0,6,Winger,Backs,St. George Illawarra Dragons,1.65,25.60 %,1.06,7.56,1.13,8.06,118
Alex Johnston,52,4048,5753,611,44,6,62,7,7,20,0,76,1478,49,37,187,28,45,0,7,Winger,Backs,South Sydney Rabbitohs,1.65,28.08 %,1.46,28.42,1.5,29.21,119
Tommy Talau,51,3404,5832,631,22,9,23,7,28,7,1,49,605,43,41,348,30,111,0,9,Winger,Backs,Manly-Warringah Sea Eagles,1.65,28.83 %,0.96,11.86,1.15,14.22,120
Ezra Mam,56,4263,5303,563,32,32,20,35,2,120,17,19,181,50,42,941,80,246,1,17,Five-Eighth,Backs,Brisbane Broncos,1.64,25.73 %,0.34,3.23,0.36,3.4,121
Sebastian Kris,66,5048,8434,817,21,19,20,25,29,6,0,53,1238,58,50,554,41,101,0,9,Centre,Backs,Canberra Raiders,1.64,20.40 %,0.8,18.76,0.84,19.62,122
Hayze Perham,22,1525,3090,348,3,5,7,9,5,8,1,50,1230,17,19,79,7,27,1,1,Fullback,Backs,Canterbury-Bankstown Bulldogs,1.64,30.09 %,2.27,55.91,2.62,64.52,123
Viliame Kikau,54,4156,5326,613,12,16,17,20,551,5,0,11,98,46,42,1318,51,202,0,36,2nd Row,Forwards,Canterbury-Bankstown Bulldogs,1.63,16.10 %,0.2,1.81,0.21,1.89,124
Jaxson Paulo,30,1850,3270,348,10,1,12,1,8,5,0,21,690,26,23,87,5,27,0,6,Winger,Backs,Sydney Roosters,1.63,26.89 %,0.7,23,0.91,29.84,125
Shaun Lane,39,2545,3819,428,6,4,7,5,405,1,0,2,35,32,31,956,39,63,0,13,2nd Row,Forwards,Parramatta Eels,1.62,9.64 %,0.05,0.9,0.06,1.1,126
Ethan Strange,47,3721,3493,362,16,21,25,17,7,60,19,6,23,39,36,838,33,131,1,16,Five-Eighth,Backs,Canberra Raiders,1.6,16.37 %,0.13,0.49,0.13,0.49,127
Dylan Brown,60,4738,7594,845,13,40,26,38,9,216,65,14,102,49,47,1258,81,123,1,23,Five-Eighth,Backs,Parramatta Eels,1.6,13.95 %,0.23,1.7,0.24,1.72,128
Luke Brooks,66,5278,6438,831,12,36,18,38,15,437,115,14,41,59,46,1279,91,259,0,29,Five-Eighth,Backs,Manly-Warringah Sea Eagles,1.59,21.49 %,0.21,0.62,0.21,0.62,129
Lachlan Ilias,34,2646,2008,300,4,12,4,12,1,328,107,8,50,31,23,592,48,93,0,10,Halfback,Backs,South Sydney Rabbitohs,1.59,19.24 %,0.24,1.47,0.24,1.51,130
Mathew Feagai,44,3044,4863,539,14,3,20,2,17,1,0,45,617,37,33,258,16,58,1,7,Winger,Backs,St. George Illawarra Dragons,1.59,22.29 %,1.02,14.02,1.18,16.22,131
Keano Kini,31,1773,4875,527,6,10,14,8,10,11,0,64,1221,24,25,88,3,43,1,3,Fullback,Backs,Gold Coast Titans,1.58,34.33 %,2.06,39.39,2.89,55.09,132
Tesi Niu,24,1832,3254,367,9,3,13,3,21,5,0,25,365,20,18,128,8,24,0,2,Winger,Backs,Dolphins,1.58,20.00 %,1.04,15.21,1.09,15.94,133
Jack Howarth,37,2293,4409,438,6,7,11,5,37,5,0,3,34,31,27,366,27,52,2,6,Centre,Backs,Melbourne Storm,1.57,17.75 %,0.08,0.92,0.1,1.19,134
Haze Dunster,7,400,452,53,0,0,1,0,1,0,0,3,82,6,5,26,3,7,0,0,Winger,Backs,Parramatta Eels,1.57,27.78 %,0.43,11.71,0.6,16.4,135
Harley Smith-Shields,14,882,1208,131,1,0,1,2,2,2,0,4,3,13,9,124,6,20,0,4,Centre,Backs,Canberra Raiders,1.57,17.33 %,0.29,0.21,0.36,0.27,136
Charnze Nicoll-Klokstad,62,4719,11854,1273,15,17,24,20,86,7,1,132,3204,49,48,425,17,74,0,10,Fullback,Backs,Warriors,1.56,17.64 %,2.13,51.68,2.24,54.32,137
Connor Tracey,62,4462,10583,1168,14,25,19,33,39,20,3,138,3777,49,48,238,19,80,0,9,Fullback,Backs,Canterbury-Bankstown Bulldogs,1.56,29.38 %,2.23,60.92,2.47,67.72,138
Cameron Murray,36,2413,4509,578,6,3,7,4,357,4,0,5,77,28,28,1446,56,76,0,34,Lock,Forwards,South Sydney Rabbitohs,1.56,8.37 %,0.14,2.14,0.17,2.55,139
Samuel Stonestreet,18,1217,2304,230,16,1,15,0,8,4,0,15,337,15,13,77,10,17,0,3,Winger,Backs,Cronulla-Sutherland Sharks,1.56,25.96 %,0.83,18.72,0.99,22.15,140
Fletcher Myers,11,582,833,75,2,1,5,0,0,2,0,5,50,9,8,58,4,17,0,9,Winger,Backs,South Sydney Rabbitohs,1.55,26.58 %,0.45,4.55,0.69,6.87,141
Grant Anderson,56,3118,5308,552,21,7,25,10,46,13,0,40,353,48,39,350,24,79,0,5,Winger,Backs,Melbourne Storm,1.55,22.74 %,0.71,6.3,1.03,9.06,142
Brian To'o,63,5011,12524,1186,43,5,57,2,58,19,1,59,1890,53,44,331,27,66,0,4,Winger,Backs,Penrith Panthers,1.54,21.93 %,0.94,30,0.94,30.17,143
Sualauvi Faalogo,25,1409,3014,255,14,6,22,6,5,9,0,38,984,21,17,67,5,27,0,1,Winger,Backs,Melbourne Storm,1.52,32.32 %,1.52,39.36,2.16,55.87,144
Jye Gray,33,2316,5115,577,12,8,16,10,10,13,1,78,1255,26,24,204,21,36,0,6,Fullback,Backs,South Sydney Rabbitohs,1.52,21.84 %,2.36,38.03,2.69,43.35,145
Stephen Crichton,66,5205,7668,740,28,35,35,40,18,55,1,30,373,56,44,746,42,121,0,21,Centre,Backs,Canterbury-Bankstown Bulldogs,1.52,17.93 %,0.45,5.65,0.46,5.73,146
Starford To'a,42,3048,4451,461,16,10,18,14,8,18,0,8,37,34,30,553,35,74,2,11,Centre,Backs,Wests Tigers,1.52,16.47 %,0.19,0.88,0.21,0.97,147
Hudson Young,68,5406,8623,1013,30,9,28,10,888,28,0,14,100,55,48,2111,86,245,2,47,2nd Row,Forwards,Canberra Raiders,1.51,13.55 %,0.21,1.47,0.21,1.48,148
Ethan Sanders,6,320,206,28,0,2,0,2,0,34,15,1,0,5,4,89,4,14,0,2,Five-Eighth,Backs,Canberra Raiders,1.5,16.82 %,0.17,0,0.25,0,149
Peta Hiku,22,1750,3158,335,2,7,6,8,5,4,0,6,28,17,16,338,26,70,0,10,Centre,Backs,North Queensland Cowboys,1.5,22.12 %,0.27,1.27,0.27,1.28,150
John Bateman,51,3880,4950,598,3,2,6,7,516,13,0,6,16,41,35,1857,73,136,1,21,2nd Row,Forwards,Wests Tigers,1.49,10.12 %,0.12,0.31,0.12,0.33,151
Beau Fermor,46,3675,5891,636,15,6,12,8,481,2,0,10,46,35,33,1401,54,107,0,18,2nd Row,Forwards,Gold Coast Titans,1.48,10.31 %,0.22,1,0.22,1,152
Herbie Farnworth,65,5109,10986,1050,35,19,43,29,78,17,0,12,38,50,46,853,41,73,1,20,Centre,Backs,Dolphins,1.48,11.79 %,0.18,0.58,0.19,0.6,153
Hugo Savala,23,1479,999,128,4,10,6,2,6,205,52,3,0,18,16,480,34,43,0,3,Halfback,Backs,Sydney Roosters,1.48,13.82 %,0.13,0,0.16,0,154
Reed Mahoney,74,5223,2243,368,11,24,11,17,63,150,3,16,0,57,52,3175,139,327,1,59,Hooker,Forwards,Canterbury-Bankstown Bulldogs,1.47,12.80 %,0.22,0,0.25,0,155
Taylan May,15,1171,1783,183,5,4,9,6,2,6,0,2,11,12,10,213,11,23,0,4,Centre,Backs,Penrith Panthers,1.47,13.77 %,0.13,0.73,0.14,0.75,156
Jesse Arthars,68,4318,6051,644,25,7,41,3,26,6,0,87,1350,55,44,266,37,50,0,5,Winger,Backs,Brisbane Broncos,1.46,24.65 %,1.28,19.85,1.61,25.01,157
Bryce Cartwright,44,3298,4484,531,11,11,10,15,458,12,0,7,2,33,31,1196,44,137,1,18,2nd Row,Forwards,Parramatta Eels,1.45,13.14 %,0.16,0.05,0.17,0.05,158
Jake Averillo,71,5669,8357,880,34,28,39,30,23,32,3,30,518,56,46,793,67,153,0,11,Centre,Backs,Dolphins,1.44,21.72 %,0.42,7.3,0.42,7.31,159
Charlie Staines,39,3001,5113,574,16,2,16,4,14,15,0,38,531,30,26,147,22,55,0,0,Winger,Backs,Wests Tigers,1.44,34.38 %,0.97,13.62,1.01,14.16,160
Brent Naden,28,1742,2371,252,4,5,6,4,13,6,0,7,63,23,17,282,23,75,0,10,Centre,Backs,Wests Tigers,1.43,25.79 %,0.25,2.25,0.32,2.89,161
Adam Pompey,70,5106,6403,693,18,19,19,29,10,4,0,17,166,57,43,778,47,115,0,19,Centre,Backs,Warriors,1.43,17.23 %,0.24,2.37,0.27,2.6,162
Jayden Campbell,57,3995,6480,681,17,23,25,24,9,357,88,62,1047,46,35,771,66,148,0,14,Halfback,Backs,Gold Coast Titans,1.42,21.73 %,1.09,18.37,1.24,20.97,163
Kodi Nikorima,62,4602,4107,555,15,52,26,67,1,180,63,26,328,46,42,1085,60,152,0,21,Five-Eighth,Backs,Dolphins,1.42,16.35 %,0.42,5.29,0.45,5.7,164
Sandon Smith,52,2502,2177,283,6,18,11,15,12,170,46,5,111,41,33,703,28,108,0,17,Five-Eighth,Backs,Sydney Roosters,1.42,16.21 %,0.1,2.13,0.16,3.55,165
Rocco Berry,37,2630,2686,289,10,10,9,13,19,2,0,11,83,28,24,626,36,70,0,17,Centre,Backs,Warriors,1.41,14.48 %,0.3,2.24,0.33,2.52,166
Braidon Burns,27,1914,3845,408,14,2,14,8,15,7,0,21,595,20,18,179,15,44,0,11,Winger,Backs,North Queensland Cowboys,1.41,24.79 %,0.78,22.04,0.88,24.87,167
Daejarn Asi,29,1847,1693,223,3,11,7,10,3,176,54,5,16,21,20,418,21,71,0,7,Five-Eighth,Backs,Parramatta Eels,1.41,18.04 %,0.17,0.55,0.22,0.69,168
Lachlan Galvin,45,3475,5266,728,9,29,12,20,2,306,79,6,36,34,29,895,46,92,0,18,Five-Eighth,Backs,Wests Tigers,1.4,13.36 %,0.13,0.8,0.14,0.83,169
Angus Crichton,57,3988,6287,749,17,8,12,10,698,6,0,6,97,44,36,1553,61,156,1,40,2nd Row,Forwards,Sydney Roosters,1.4,12.26 %,0.11,1.7,0.12,1.95,170
Keaon Koloamatangi,62,4690,9093,990,14,4,11,12,876,3,0,8,220,45,42,1949,60,132,1,13,2nd Row,Forwards,South Sydney Rabbitohs,1.4,8.97 %,0.13,3.55,0.14,3.75,171
Jaylan De Groot,23,1361,1719,196,6,2,6,3,2,12,1,36,456,18,14,67,6,32,0,1,Winger,Backs,Gold Coast Titans,1.39,36.19 %,1.57,19.83,2.12,26.8,172
Chanel Harris-Tavita,42,2772,2131,257,12,21,7,18,14,275,80,13,14,31,27,726,37,85,0,11,Five-Eighth,Backs,Warriors,1.38,14.39 %,0.31,0.33,0.38,0.4,173
Krystian Mapapalangi,8,320,336,40,1,0,0,0,1,0,0,2,63,6,5,42,1,12,0,3,Centre,Backs,Newcastle Knights,1.38,23.64 %,0.25,7.88,0.5,15.75,174
Sunia Turuva,76,5826,11644,1209,40,4,50,2,26,19,1,93,1771,54,50,343,33,101,0,12,Winger,Backs,Penrith Panthers,1.37,28.09 %,1.22,23.3,1.28,24.32,175
Daly Cherry-Evans,69,5536,5342,726,22,56,15,54,9,962,239,20,82,51,43,1266,49,134,0,21,Halfback,Backs,Manly-Warringah Sea Eagles,1.36,12.63 %,0.29,1.19,0.29,1.18,176
Victor Radley,64,4323,6230,733,13,5,14,11,553,2,2,4,70,46,41,2151,75,188,1,45,Lock,Forwards,Sydney Roosters,1.36,10.89 %,0.06,1.09,0.07,1.3,177
Tom Dearden,69,5539,6959,908,25,37,36,45,5,227,74,27,36,49,45,1388,99,214,0,18,Five-Eighth,Backs,North Queensland Cowboys,1.36,18.40 %,0.39,0.52,0.39,0.52,178
Daine Laurie,47,2012,4202,434,6,11,19,18,22,35,5,42,1265,33,31,299,18,55,0,10,Fullback,Backs,Penrith Panthers,1.36,19.62 %,0.89,26.91,1.67,50.3,179
Jack Bird,46,2667,3648,455,6,7,3,10,219,10,0,9,78,33,29,912,37,102,0,17,Centre,Backs,St. George Illawarra Dragons,1.35,13.23 %,0.2,1.7,0.27,2.34,180
Kitione Kautoga,17,1144,1501,167,2,1,5,2,156,2,0,2,0,12,11,472,13,36,0,8,2nd Row,Forwards,Parramatta Eels,1.35,9.40 %,0.12,0,0.14,0,181
Jackson Ford,64,4192,7028,782,10,1,15,1,727,3,0,3,469,47,39,2345,83,189,3,50,2nd Row,Forwards,Warriors,1.34,10.39 %,0.05,7.33,0.06,8.95,182
Luke Keary,52,4093,3718,549,9,40,11,32,1,450,135,6,9,40,29,1006,77,142,1,31,Five-Eighth,Backs,Sydney Roosters,1.33,17.88 %,0.12,0.17,0.12,0.18,183
Junior Pauga,24,1341,2446,261,10,1,13,1,9,4,0,17,229,18,14,134,12,30,0,5,Winger,Backs,Sydney Roosters,1.33,23.86 %,0.71,9.54,1.01,13.66,184
Josh Schuster,15,1143,656,105,2,13,1,10,1,53,14,1,4,11,9,241,16,34,0,5,Five-Eighth,Backs,Manly-Warringah Sea Eagles,1.33,17.18 %,0.07,0.27,0.07,0.28,185
Briton Nikora,73,5572,6588,750,25,13,38,23,675,15,1,5,17,50,47,2498,128,235,2,35,2nd Row,Forwards,Cronulla-Sutherland Sharks,1.33,12.69 %,0.07,0.23,0.07,0.24,186
Zac Laybutt,27,1642,2335,260,9,5,10,8,8,3,1,8,83,20,16,281,25,55,0,4,Centre,Backs,North Queensland Cowboys,1.33,22.16 %,0.3,3.07,0.39,4.04,187
Jeral Skelton,31,1672,3687,404,14,1,17,3,5,1,0,30,608,23,18,60,4,29,0,3,Winger,Backs,Wests Tigers,1.32,35.48 %,0.97,19.61,1.44,29.09,188
Braydon Trindall,65,4536,2773,416,23,43,7,38,2,642,252,27,204,49,37,736,52,165,0,25,Five-Eighth,Backs,Cronulla-Sutherland Sharks,1.32,22.77 %,0.42,3.14,0.48,3.6,189
Kaeo Weekes,60,3778,6452,597,20,12,26,15,7,109,27,91,2508,39,40,409,29,84,0,13,Fullback,Backs,Canberra Raiders,1.32,21.65 %,1.52,41.8,1.93,53.11,190
Josh Rogers,10,538,461,54,3,0,2,1,1,28,9,0,0,7,6,145,10,23,0,3,Five-Eighth,Backs,Brisbane Broncos,1.3,18.54 %,0,0,0,0,191
Solomona Faataape,20,1510,1519,178,7,3,6,3,6,6,0,8,22,14,12,205,21,55,1,7,Centre,Backs,Wests Tigers,1.3,27.05 %,0.4,1.1,0.42,1.17,192
Jamal Fogarty,62,4970,2846,409,5,48,7,23,2,934,296,18,39,48,32,1367,83,168,0,25,Halfback,Backs,Canberra Raiders,1.29,15.51 %,0.29,0.63,0.29,0.63,193
Reimis Smith,35,2599,2964,333,10,8,7,12,5,2,0,8,99,23,22,377,40,41,0,10,Centre,Backs,Melbourne Storm,1.29,17.69 %,0.23,2.83,0.25,3.05,194
Isaiah Tass,55,4326,5823,715,15,15,16,20,11,14,0,32,394,37,34,659,51,96,0,16,Centre,Backs,South Sydney Rabbitohs,1.29,18.24 %,0.58,7.16,0.59,7.29,195
Tyson Gamble,45,3087,2606,369,8,19,4,19,16,318,99,13,66,33,25,896,45,159,0,19,Five-Eighth,Backs,Newcastle Knights,1.29,18.55 %,0.29,1.47,0.34,1.71,196
Reuben Cotter,61,3695,6173,677,8,0,8,1,607,1,0,1,160,40,38,2258,87,155,0,18,Lock,Forwards,North Queensland Cowboys,1.28,9.68 %,0.02,2.62,0.02,3.46,197
Harry Grant,67,5089,4423,568,26,30,28,32,59,126,1,11,12,45,41,2770,113,262,1,48,Hooker,Forwards,Melbourne Storm,1.28,11.92 %,0.16,0.18,0.17,0.19,198
Mitchell Moses,40,3156,3493,412,17,27,16,25,3,569,128,3,17,27,24,645,33,139,0,20,Halfback,Backs,Parramatta Eels,1.27,21.05 %,0.07,0.42,0.08,0.43,199
Siosifa Talakai,70,3976,8835,877,13,28,18,40,250,7,0,5,100,48,41,789,44,177,2,16,Centre,Backs,Cronulla-Sutherland Sharks,1.27,21.88 %,0.07,1.43,0.1,2.01,200
Taane Milne,39,2713,5269,589,6,7,16,6,30,6,0,17,283,29,20,173,10,53,0,15,Winger,Backs,South Sydney Rabbitohs,1.26,26.69 %,0.44,7.26,0.5,8.35,201
Jarrod Wallace,23,942,2457,272,4,3,4,7,200,1,0,0,117,16,13,475,22,59,0,9,Interchange,Interchange,Dolphins,1.26,14.57 %,0,5.09,0,9.94,202
Teig Wilton,61,4617,6359,715,15,2,15,2,683,5,0,10,9,41,36,2052,105,182,1,25,2nd Row,Forwards,Cronulla-Sutherland Sharks,1.26,12.27 %,0.16,0.15,0.17,0.16,203
Sione Finau,8,424,973,96,4,0,5,0,0,1,0,4,111,5,5,12,4,6,0,1,Winger,Backs,St. George Illawarra Dragons,1.25,45.45 %,0.5,13.88,0.75,20.94,204
Bronson Xerri,44,3374,6027,642,19,9,26,26,24,12,0,7,44,31,24,415,18,78,0,9,Centre,Backs,Canterbury-Bankstown Bulldogs,1.25,18.79 %,0.16,1,0.17,1.04,205
Adam Reynolds,58,4321,2802,451,10,46,5,36,0,752,198,7,11,45,27,990,65,122,0,16,Halfback,Backs,Brisbane Broncos,1.24,15.89 %,0.12,0.19,0.13,0.2,206
Sean Russell,59,4644,6177,711,19,8,26,14,39,15,1,42,649,43,30,551,40,113,0,8,Winger,Backs,Parramatta Eels,1.24,21.73 %,0.71,11,0.72,11.18,207
Max Feagai,26,1946,2851,305,2,5,5,6,7,5,0,6,135,18,14,308,17,37,0,4,Centre,Backs,St. George Illawarra Dragons,1.23,14.92 %,0.23,5.19,0.25,5.55,208
Sam Walker,41,2941,1912,302,10,41,8,23,2,403,121,15,12,26,24,688,42,125,0,32,Halfback,Backs,Sydney Roosters,1.22,19.53 %,0.37,0.29,0.41,0.33,209
Apisai Koroisau,65,4588,3537,428,14,19,16,17,90,130,15,8,38,46,33,2393,88,330,0,22,Hooker,Forwards,Wests Tigers,1.22,14.87 %,0.12,0.58,0.14,0.66,210
Haumole Olakau'atu,60,4652,7736,751,22,13,28,20,692,12,0,8,32,39,34,1595,74,155,1,35,2nd Row,Forwards,Manly-Warringah Sea Eagles,1.22,12.55 %,0.13,0.53,0.14,0.55,211
Jonah Pezet,18,1133,649,99,2,10,1,6,2,139,32,3,9,11,11,252,26,48,0,3,Five-Eighth,Backs,Melbourne Storm,1.22,22.70 %,0.17,0.5,0.21,0.64,212
Viliami Vailea,39,2903,4889,552,5,10,5,14,19,5,0,12,93,24,23,396,23,96,0,6,Centre,Backs,North Queensland Cowboys,1.21,23.11 %,0.31,2.38,0.33,2.56,213
Ronald Volkman,5,370,134,25,1,0,0,0,0,51,13,1,24,5,1,78,14,12,0,0,Halfback,Backs,Warriors,1.2,25.00 %,0.2,4.8,0.22,5.19,214
Josh Feledy,5,221,275,29,1,0,1,0,0,1,0,0,0,3,3,36,3,13,0,0,Centre,Backs,Wests Tigers,1.2,30.77 %,0,0,0,0,215
Hayden Buchanan,5,400,553,78,1,1,0,1,3,2,0,2,0,2,4,106,5,13,0,0,Centre,Backs,St. George Illawarra Dragons,1.2,14.52 %,0.4,0,0.4,0,216
Albert Hopoate,40,2357,4801,527,10,2,12,3,14,3,0,32,492,26,22,151,8,49,1,6,Winger,Backs,Canberra Raiders,1.2,27.40 %,0.8,12.3,1.09,16.7,217
Jarome Luai,67,5223,6085,848,8,40,16,37,15,479,160,13,40,43,37,945,57,160,0,32,Five-Eighth,Backs,Penrith Panthers,1.19,18.67 %,0.19,0.6,0.2,0.61,218
Tino Faasuamaleaui,40,2371,6247,659,9,3,9,8,597,3,0,1,229,25,22,1282,67,107,2,22,Lock,Forwards,Gold Coast Titans,1.18,11.95 %,0.03,5.72,0.03,7.73,219
Ben Trbojevic,56,3396,4486,516,13,7,11,11,433,5,0,10,11,36,30,1170,69,124,0,20,2nd Row,Forwards,Manly-Warringah Sea Eagles,1.18,14.16 %,0.18,0.2,0.24,0.26,220
Matty Nicholson,12,787,777,99,5,0,4,3,91,0,0,0,0,7,7,385,12,12,0,5,2nd Row,Forwards,Canberra Raiders,1.17,5.87 %,0,0,0,0,221
Billy Burns,41,2022,2318,268,7,7,7,7,242,3,0,3,7,26,22,885,53,106,1,10,2nd Row,Forwards,Cronulla-Sutherland Sharks,1.17,15.23 %,0.07,0.17,0.12,0.28,222
Kai Pearce-Paul,44,3378,4526,521,3,6,8,5,485,0,0,2,13,28,23,1567,70,104,1,20,2nd Row,Forwards,Newcastle Knights,1.16,9.99 %,0.05,0.3,0.05,0.31,223
Matthew Timoko,74,5975,11486,1086,25,17,33,22,44,16,0,7,40,47,38,992,80,162,3,24,Centre,Backs,Canberra Raiders,1.15,19.61 %,0.09,0.54,0.09,0.54,224
Michael Jennings,14,614,623,72,3,3,3,5,4,1,0,0,10,7,9,138,7,18,1,5,Centre,Backs,Sydney Roosters,1.14,15.34 %,0,0.71,0,1.3,225
Nathan Cleary,57,4346,6678,971,18,53,21,49,5,950,265,13,92,34,31,1054,65,155,0,25,Halfback,Backs,Penrith Panthers,1.14,17.27 %,0.23,1.61,0.24,1.69,226
Jermaine McEwen,17,800,1227,156,3,1,1,1,146,5,0,0,24,10,9,415,18,49,0,8,2nd Row,Forwards,Newcastle Knights,1.12,13.90 %,0,1.41,0,2.4,227
Aidan Sezer,17,1241,1020,166,0,8,0,7,7,145,36,5,9,9,10,326,17,53,0,18,Halfback,Backs,Wests Tigers,1.12,17.68 %,0.29,0.53,0.32,0.58,228
Shaun Johnson,41,3239,2853,460,13,44,15,40,1,689,211,7,51,29,17,735,60,104,0,17,Halfback,Backs,Warriors,1.12,18.24 %,0.17,1.24,0.17,1.26,229
Tony Francis,17,638,1065,111,1,1,3,0,1,0,0,9,158,10,9,41,1,9,0,0,Winger,Backs,Gold Coast Titans,1.12,19.61 %,0.53,9.29,1.13,19.81,230
Josiah Karapani,28,1494,2936,292,11,1,16,0,19,5,0,19,377,17,14,112,12,25,1,1,Winger,Backs,Brisbane Broncos,1.11,24.83 %,0.68,13.46,1.02,20.19,231
Lachlan Fitzgibbon,21,1547,1780,209,5,3,8,8,208,1,0,1,0,13,10,655,24,46,1,15,2nd Row,Forwards,Newcastle Knights,1.1,9.66 %,0.05,0,0.05,0,232
Jayden Okunbor,20,929,1053,113,2,1,2,1,96,3,0,1,44,11,11,428,17,38,0,6,Interchange,Interchange,Canterbury-Bankstown Bulldogs,1.1,11.39 %,0.05,2.2,0.09,3.79,233
Toby Sexton,44,3247,2858,405,7,23,6,20,6,316,79,8,34,27,21,933,60,104,0,12,Halfback,Backs,Canterbury-Bankstown Bulldogs,1.09,14.95 %,0.18,0.77,0.2,0.84,234
Lyhkan King-Togia,22,1506,1178,157,3,11,8,6,2,101,34,1,0,13,11,376,23,53,0,4,Five-Eighth,Backs,St. George Illawarra Dragons,1.09,16.81 %,0.05,0,0.05,0,235
Corey Allan,35,1854,2557,308,7,3,13,7,5,2,1,15,301,17,21,197,16,36,0,3,Winger,Backs,St. George Illawarra Dragons,1.09,20.88 %,0.43,8.6,0.65,12.99,236
Kayal Iro,43,2881,5787,645,18,13,23,12,16,0,0,6,10,25,22,600,35,73,1,9,Centre,Backs,Cronulla-Sutherland Sharks,1.09,15.25 %,0.14,0.23,0.17,0.28,237
Valynce Te Whare,13,854,1483,152,6,1,9,1,15,0,0,1,34,9,5,135,17,25,0,2,Centre,Backs,Dolphins,1.08,23.73 %,0.08,2.62,0.09,3.19,238
Adam Elliott,48,2590,4827,649,4,4,5,7,493,3,0,3,10,27,25,1585,68,135,0,16,Lock,Forwards,Newcastle Knights,1.08,11.35 %,0.06,0.21,0.09,0.31,239
Kurt Capewell,64,4835,5155,580,12,8,19,7,469,8,0,4,13,39,30,1902,82,248,0,30,2nd Row,Forwards,Warriors,1.08,14.78 %,0.06,0.2,0.07,0.22,240
Nick Cotric,25,1498,2069,237,7,0,10,0,16,8,1,11,112,16,11,77,7,24,0,2,Winger,Backs,Canberra Raiders,1.08,28.70 %,0.44,4.48,0.59,5.98,241
Corey Horsburgh,52,2910,6178,715,6,3,7,4,636,8,0,7,312,30,26,1860,58,81,1,29,Lock,Forwards,Canberra Raiders,1.08,6.95 %,0.13,6,0.19,8.58,242
Jordan Riki,69,5229,6095,658,12,2,15,1,620,5,1,14,268,39,35,2282,99,189,0,30,2nd Row,Forwards,Brisbane Broncos,1.07,11.21 %,0.2,3.88,0.21,4.1,243
Siua Wong,40,2093,2995,335,6,3,6,5,297,5,0,0,106,21,22,1150,44,84,1,17,2nd Row,Forwards,Sydney Roosters,1.07,10.02 %,0,2.65,0,4.05,244
Kieran Foran,56,4226,3313,512,9,30,11,41,6,347,115,6,28,31,29,1122,69,187,0,24,Five-Eighth,Backs,Gold Coast Titans,1.07,18.58 %,0.11,0.5,0.11,0.53,245
Asu Kepaoa,29,1323,1772,190,6,0,8,6,46,2,0,5,9,15,16,256,12,46,0,10,Centre,Backs,Wests Tigers,1.07,18.47 %,0.17,0.31,0.3,0.54,246
Richard Kennar,20,1252,1752,205,6,2,10,5,4,0,0,8,53,14,7,198,15,42,0,14,Centre,Backs,South Sydney Rabbitohs,1.05,22.35 %,0.4,2.65,0.51,3.39,247
Tyrone Peachey,22,990,1788,203,10,4,9,6,20,7,0,9,30,12,11,206,15,42,1,10,Centre,Backs,Penrith Panthers,1.05,21.67 %,0.41,1.36,0.73,2.42,248
Jacob Preston,61,4484,5760,614,24,3,29,6,564,4,0,5,89,34,30,2213,97,92,0,24,2nd Row,Forwards,Canterbury-Bankstown Bulldogs,1.05,7.87 %,0.08,1.46,0.09,1.59,249
Isaiya Katoa,69,5137,5373,814,6,41,7,42,13,807,249,14,52,41,31,1305,82,226,0,14,Halfback,Backs,Dolphins,1.04,19.09 %,0.2,0.75,0.22,0.81,250
Nelson Asofa-Solomona,52,1994,5010,536,8,1,11,2,501,0,0,1,296,31,23,835,29,86,0,23,Interchange,Interchange,Melbourne Storm,1.04,12.11 %,0.02,5.69,0.04,11.88,251
Luciano Leilua,54,3477,5252,572,5,6,5,20,514,3,0,1,63,31,24,1268,43,111,0,19,2nd Row,Forwards,St. George Illawarra Dragons,1.02,10.83 %,0.02,1.17,0.02,1.45,252
Sitili Tupouniua,42,1990,2960,335,11,6,12,8,278,1,0,0,77,22,21,895,34,79,0,21,Interchange,Interchange,Sydney Roosters,1.02,11.21 %,0,1.83,0,3.1,253
Reece Robson,67,5164,4187,419,7,14,18,16,58,28,0,3,4,36,32,2754,102,196,0,51,Hooker,Forwards,North Queensland Cowboys,1.01,9.76 %,0.04,0.06,0.05,0.06,254
Jack Cole,19,1008,1007,134,3,8,1,7,8,52,18,1,1,12,7,348,16,47,0,4,Five-Eighth,Backs,Penrith Panthers,1,15.33 %,0.05,0.05,0.08,0.08,255
Ali Leiataua,16,1177,1572,159,6,4,13,3,4,3,0,5,7,9,7,192,10,24,0,2,Centre,Backs,Warriors,1,15.04 %,0.31,0.44,0.34,0.48,256
Jesse McLean,5,320,513,59,1,0,2,1,1,0,0,2,94,3,2,21,2,7,0,2,Winger,Backs,Penrith Panthers,1,30.00 %,0.4,18.8,0.5,23.5,257
Salesi Foketi,19,815,1305,143,1,2,1,3,132,0,0,0,62,10,9,447,21,21,0,7,2nd Row,Forwards,Sydney Roosters,1,8.59 %,0,3.26,0,6.09,258
Kaiden Lahrs,7,112,298,25,0,0,0,0,18,0,0,0,112,4,3,64,5,5,0,1,Interchange,Interchange,North Queensland Cowboys,1,13.51 %,0,16,0,80,259
Young Tonumaipea,10,759,1125,139,3,1,5,6,1,3,0,0,0,6,4,94,10,21,0,3,Centre,Backs,Melbourne Storm,1,24.80 %,0,0,0,0,260
Jock Madden,17,1143,816,119,2,8,4,7,3,143,37,6,6,9,8,291,18,45,0,2,Halfback,Backs,Brisbane Broncos,1,17.80 %,0.35,0.35,0.42,0.42,261
J'maine Hopgood,60,3556,6233,745,7,7,8,10,663,0,0,1,55,32,28,2278,73,111,1,40,Lock,Forwards,Parramatta Eels,1,7.47 %,0.02,0.92,0.02,1.24,262
Tallis Duncan,54,2781,5057,557,12,1,16,6,407,1,0,4,121,31,23,1276,61,114,0,12,2nd Row,Forwards,South Sydney Rabbitohs,1,12.06 %,0.07,2.24,0.12,3.48,263
Jaydn Su'A,53,4025,6231,712,17,6,9,6,653,10,2,3,0,28,24,1489,63,156,0,26,2nd Row,Forwards,St. George Illawarra Dragons,0.98,12.82 %,0.06,0,0.06,0,264
Kelma Tuilagi,46,2527,3806,413,6,4,8,7,401,0,0,3,1,24,21,997,38,109,2,17,2nd Row,Forwards,Parramatta Eels,0.98,12.85 %,0.07,0.02,0.09,0.03,265
Connelly Lemuelu,61,3843,5676,595,17,5,26,4,560,5,2,1,59,34,26,1531,70,152,0,29,2nd Row,Forwards,Dolphins,0.98,12.66 %,0.02,0.97,0.02,1.23,266
Matthew Lodge,33,1062,3091,363,2,0,2,0,323,0,0,0,372,17,15,549,25,47,0,8,Prop,Forwards,Manly-Warringah Sea Eagles,0.97,11.59 %,0,11.27,0,28.02,267
Enari Tuala,31,2307,4021,436,13,5,18,3,11,7,0,26,576,16,14,185,16,26,0,3,Winger,Backs,Newcastle Knights,0.97,18.50 %,0.84,18.58,0.9,19.97,268
Shawn Blore,64,4303,5101,583,5,4,13,13,555,1,0,6,140,31,31,1728,90,78,1,20,2nd Row,Forwards,Melbourne Storm,0.97,8.86 %,0.09,2.19,0.11,2.6,269
Ryley Smith,22,1254,411,43,1,0,5,0,5,24,0,2,0,11,10,824,26,59,0,5,Hooker,Forwards,Parramatta Eels,0.95,9.35 %,0.09,0,0.13,0,270
Isaiah Papali'i,62,3904,7049,783,14,3,15,6,717,9,0,6,304,32,27,1881,69,146,1,22,2nd Row,Forwards,Wests Tigers,0.95,10.26 %,0.1,4.9,0.12,6.23,271
Josh Curran,70,3442,5903,673,11,3,12,4,612,9,0,6,335,34,32,2042,88,170,1,21,Interchange,Interchange,Canterbury-Bankstown Bulldogs,0.94,11.22 %,0.09,4.79,0.14,7.79,272
Tanah Boyd,53,2998,2022,291,4,14,6,9,4,515,154,11,16,31,19,751,49,141,0,14,Halfback,Backs,Gold Coast Titans,0.94,20.19 %,0.21,0.3,0.29,0.43,273
Samuela Fainu,52,3493,4269,478,9,8,11,7,438,9,0,10,60,26,23,1402,37,158,0,13,2nd Row,Forwards,Wests Tigers,0.94,12.21 %,0.19,1.15,0.23,1.37,274
Jarrod Croker,15,1126,924,105,3,4,5,4,0,1,0,8,32,8,6,150,8,42,0,2,Centre,Backs,Canberra Raiders,0.93,25.00 %,0.53,2.13,0.57,2.27,275
Josh Hodgson,12,663,163,24,1,1,1,1,8,10,1,0,0,6,5,350,18,47,0,9,Hooker,Forwards,Parramatta Eels,0.92,15.66 %,0,0,0,0,276
Ryan Sutton,13,496,832,99,0,0,0,0,84,0,0,0,151,6,6,371,12,37,0,6,Prop,Forwards,Canterbury-Bankstown Bulldogs,0.92,11.67 %,0,11.62,0,24.35,277
Sean O'Sullivan,39,1809,1601,241,2,10,2,9,4,201,43,1,0,19,17,655,34,70,0,11,Halfback,Backs,Dolphins,0.92,13.70 %,0.03,0,0.04,0,278
Jamie Humphreys,20,1367,1091,153,2,4,2,4,13,184,43,5,26,9,9,473,24,52,0,8,Halfback,Backs,South Sydney Rabbitohs,0.9,13.84 %,0.25,1.3,0.29,1.52,279
Elliott Whitehead,39,2802,2751,336,8,8,7,10,310,2,0,4,6,20,15,1320,41,132,2,14,2nd Row,Forwards,Canberra Raiders,0.9,11.59 %,0.1,0.15,0.11,0.17,280
Cameron Munster,63,4934,7481,911,15,50,27,27,17,421,141,28,288,31,25,1332,76,226,0,43,Five-Eighth,Backs,Melbourne Storm,0.89,18.48 %,0.44,4.57,0.45,4.67,281
Adam Cook,9,536,239,35,0,0,1,1,0,77,18,0,0,4,4,142,9,29,0,2,Five-Eighth,Backs,Canberra Raiders,0.89,21.11 %,0,0,0,0,282
Josh Patston,8,211,378,40,1,0,1,0,37,0,0,1,34,4,3,137,6,6,1,2,Interchange,Interchange,Gold Coast Titans,0.88,8.05 %,0.12,4.25,0.38,12.89,283
Nat Butcher,51,3402,4313,473,9,4,15,5,439,2,0,4,109,26,19,1983,73,88,2,26,2nd Row,Forwards,Sydney Roosters,0.88,7.51 %,0.08,2.14,0.09,2.56,284
David Fifita,50,3478,6736,736,13,19,17,25,647,15,3,2,153,25,19,1212,75,115,0,23,2nd Row,Forwards,Gold Coast Titans,0.88,13.55 %,0.04,3.06,0.05,3.52,285
Chris Randall,69,4476,4188,475,9,7,16,5,344,12,4,2,10,32,28,2323,72,140,1,22,Hooker,Forwards,Gold Coast Titans,0.87,8.36 %,0.03,0.14,0.04,0.18,286
Egan Butcher,47,2253,3239,375,5,5,8,3,336,3,0,9,208,21,20,1239,52,81,0,14,2nd Row,Forwards,Sydney Roosters,0.87,9.69 %,0.19,4.43,0.32,7.39,287
Chad Townsend,51,3967,2263,405,5,31,3,25,2,645,234,5,20,26,18,1013,64,188,0,36,Halfback,Backs,North Queensland Cowboys,0.86,19.92 %,0.1,0.39,0.1,0.4,288
Mitchell Barnett,49,2943,6913,745,6,3,10,5,681,5,0,2,480,22,20,1559,52,109,0,13,Prop,Forwards,Warriors,0.86,9.36 %,0.04,9.8,0.05,13.05,289
Taniela Paseka,44,2074,5760,579,1,2,4,3,531,0,0,2,596,22,16,1037,24,83,1,10,Prop,Forwards,Manly-Warringah Sea Eagles,0.86,9.35 %,0.05,13.55,0.08,22.99,290
Kane Bradley,22,679,867,100,5,0,1,0,24,0,0,7,110,10,9,76,5,10,0,1,Winger,Backs,Melbourne Storm,0.86,16.48 %,0.32,5,0.82,12.96,291
Simi Sasagi,39,1503,2285,235,9,6,11,4,162,6,1,2,74,18,15,595,28,70,0,5,Interchange,Interchange,Canberra Raiders,0.85,14.14 %,0.05,1.9,0.11,3.94,292
Brenko Lee,13,878,1288,125,0,4,0,4,2,4,0,3,0,6,5,153,11,19,0,3,Centre,Backs,Dolphins,0.85,16.39 %,0.23,0,0.27,0,293
Anthony Milford,13,679,623,84,3,6,2,6,4,94,35,0,0,7,4,95,14,41,0,2,Five-Eighth,Backs,Dolphins,0.85,36.67 %,0,0,0,0,294
Wade Graham,20,950,1278,143,2,1,1,1,121,3,0,0,0,9,8,470,26,50,0,3,2nd Row,Forwards,Cronulla-Sutherland Sharks,0.85,13.92 %,0,0,0,0,295
Kyle Flanagan,61,4433,2519,434,14,12,14,19,6,287,55,16,22,26,26,1292,67,133,0,30,Five-Eighth,Backs,St. George Illawarra Dragons,0.85,13.40 %,0.26,0.36,0.29,0.4,296
Damien Cook,70,5102,4626,503,8,19,13,15,140,38,0,8,56,30,29,2938,106,167,1,26,Hooker,Forwards,South Sydney Rabbitohs,0.84,8.50 %,0.11,0.8,0.13,0.88,297
Jack Williams,70,3435,7473,772,6,2,14,2,731,2,0,5,424,32,27,1959,67,141,0,26,Interchange,Interchange,Cronulla-Sutherland Sharks,0.84,9.60 %,0.07,6.06,0.12,9.87,298
Jack Cogger,55,3564,2972,433,3,17,7,20,11,401,99,6,13,24,22,1020,69,134,1,17,Halfback,Backs,Newcastle Knights,0.84,16.60 %,0.11,0.24,0.13,0.29,299
Blake Taaffe,37,1153,1795,212,5,7,6,6,6,7,0,23,764,16,15,97,6,31,0,1,Fullback,Backs,South Sydney Rabbitohs,0.84,27.61 %,0.62,20.65,1.6,53.01,300
Benaiah Ioelu,12,437,158,23,0,1,0,1,5,10,0,0,0,5,5,275,12,15,0,5,Hooker,Forwards,Sydney Roosters,0.83,8.94 %,0,0,0,0,301
Jahrome Hughes,65,5022,6594,801,27,67,42,64,11,752,272,25,145,30,24,997,65,159,0,22,Halfback,Backs,Melbourne Storm,0.83,18.35 %,0.38,2.23,0.4,2.31,302
Jacob Gagai,18,1347,1477,157,9,2,15,1,2,4,0,14,60,9,6,121,13,29,0,1,Winger,Backs,South Sydney Rabbitohs,0.83,25.77 %,0.78,3.33,0.83,3.56,303
Clayton Faulalo,22,689,1041,119,6,0,8,1,9,2,0,9,104,9,9,85,8,17,0,1,Winger,Backs,Manly-Warringah Sea Eagles,0.82,22.73 %,0.41,4.73,1.04,12.08,304
Matt Moylan,22,1457,1521,201,2,12,3,8,5,71,29,6,18,10,8,357,17,67,0,14,Five-Eighth,Backs,Cronulla-Sutherland Sharks,0.82,19.05 %,0.27,0.82,0.33,0.99,305
Jazz Tevaga,55,2274,4327,507,2,0,3,1,434,5,1,1,230,25,20,1435,52,115,1,17,Interchange,Interchange,Manly-Warringah Sea Eagles,0.82,10.42 %,0.02,4.18,0.04,8.09,306
Zac Hosking,51,3140,4154,495,10,7,8,11,460,4,0,2,1,23,19,1620,58,95,0,15,2nd Row,Forwards,Canberra Raiders,0.82,8.63 %,0.04,0.02,0.05,0.03,307
Joash Papalii,21,842,856,114,1,4,1,5,1,9,1,16,262,8,9,189,7,27,0,2,Five-Eighth,Backs,Parramatta Eels,0.81,15.25 %,0.76,12.48,1.52,24.89,308
Leo Thompson,64,3162,6086,691,3,3,3,6,643,1,1,1,291,28,24,2069,66,133,1,18,Prop,Forwards,Newcastle Knights,0.81,8.77 %,0.02,4.55,0.03,7.36,309
Braden Uele,52,1616,4184,421,4,0,8,0,369,1,0,0,639,22,20,868,42,70,1,6,Interchange,Interchange,Cronulla-Sutherland Sharks,0.81,11.43 %,0,12.29,0,31.63,310
Tevita Pangai Junior,27,1042,3050,322,3,0,1,1,260,1,0,1,433,12,10,489,23,62,1,11,Prop,Forwards,Canterbury-Bankstown Bulldogs,0.81,14.81 %,0.04,16.04,0.08,33.24,311
Marion Seve,16,1032,1607,164,4,2,6,1,2,0,0,4,10,8,5,195,27,20,0,5,Centre,Backs,Melbourne Storm,0.81,19.42 %,0.25,0.62,0.31,0.78,312
Lachlan Croker,43,2769,855,128,8,6,7,7,39,43,5,7,11,19,16,1516,56,135,0,15,Hooker,Forwards,Manly-Warringah Sea Eagles,0.81,11.19 %,0.16,0.26,0.2,0.32,313
Phoenix Crossland,72,4432,2557,361,7,13,5,9,100,107,24,10,27,29,29,2480,87,218,0,37,Hooker,Forwards,Newcastle Knights,0.81,10.95 %,0.14,0.38,0.18,0.49,314
Brad Schneider,45,1701,1375,199,6,10,10,10,8,198,59,6,29,19,17,592,33,74,0,14,Halfback,Backs,Penrith Panthers,0.8,15.31 %,0.13,0.64,0.28,1.36,315
Lindsay Collins,64,3144,6029,670,7,2,7,2,587,3,0,15,913,27,24,1845,70,167,0,16,Prop,Forwards,Sydney Roosters,0.8,11.38 %,0.23,14.27,0.38,23.23,316
Jack Murchie,5,142,349,37,0,0,0,0,31,0,0,0,65,2,2,78,3,2,0,2,Interchange,Interchange,Parramatta Eels,0.8,6.02 %,0,13,0,36.62,317
Paul Roache,5,97,34,6,0,0,0,0,4,0,0,0,0,2,2,54,1,4,0,1,Interchange,Interchange,Warriors,0.8,8.47 %,0,0,0,0,318
Dion Teaupa,10,312,176,25,1,0,1,2,0,11,2,1,3,4,4,84,3,11,0,1,Halfback,Backs,South Sydney Rabbitohs,0.8,14.29 %,0.1,0.3,0.26,0.77,319
Fonua Pole,67,3190,7164,748,9,0,8,0,671,1,0,1,927,28,25,1581,57,154,0,28,Lock,Forwards,Wests Tigers,0.79,11.77 %,0.01,13.84,0.03,23.25,320
Scott Sorensen,57,3568,5064,609,10,11,13,15,570,3,0,7,133,24,21,1663,60,139,1,14,2nd Row,Forwards,Penrith Panthers,0.79,10.69 %,0.12,2.33,0.16,2.98,321
Corey Waddell,61,3407,5613,662,11,2,14,2,627,4,0,3,122,27,21,1578,68,166,2,23,2nd Row,Forwards,Manly-Warringah Sea Eagles,0.79,12.91 %,0.05,2,0.07,2.86,322
Jordan Samrani,19,623,1057,118,4,0,2,0,39,0,0,0,0,8,7,165,9,13,0,2,Centre,Backs,Parramatta Eels,0.79,11.76 %,0,0,0,0,323
Brendan Piakura,52,2921,3602,398,7,5,15,4,380,0,0,2,28,23,18,1014,46,156,1,22,2nd Row,Forwards,Brisbane Broncos,0.79,16.61 %,0.04,0.54,0.05,0.77,324
Griffin Neame,63,2661,6660,682,4,0,5,2,579,0,0,3,1323,25,24,1663,56,172,0,17,Interchange,Interchange,North Queensland Cowboys,0.78,12.06 %,0.05,21,0.09,39.77,325
Tevita Naufahu,9,560,1173,125,6,1,12,1,1,0,0,7,219,4,3,26,3,10,0,2,Winger,Backs,Dolphins,0.78,33.33 %,0.78,24.33,1,31.29,326
Cooper Johns,9,564,243,41,0,0,0,4,1,19,9,2,0,3,4,132,8,21,0,3,Five-Eighth,Backs,Manly-Warringah Sea Eagles,0.78,18.01 %,0.22,0,0.28,0,327
Bailey Hayward,46,2318,1519,219,2,6,3,8,111,31,3,9,29,18,18,1316,69,139,0,15,Interchange,Interchange,Canterbury-Bankstown Bulldogs,0.78,13.65 %,0.2,0.63,0.31,1,328
Trent Loiero,77,5202,8330,969,6,1,6,3,881,3,0,1,68,33,26,2627,93,159,1,51,Lock,Forwards,Melbourne Storm,0.77,8.75 %,0.01,0.88,0.02,1.05,329
Jai Arrow,49,2957,5180,586,3,0,4,0,549,3,0,7,187,19,18,1505,60,104,1,14,2nd Row,Forwards,South Sydney Rabbitohs,0.76,9.83 %,0.14,3.82,0.19,5.06,330
Coen Hess,45,1959,3645,361,3,1,2,3,310,1,0,0,648,18,16,1184,60,86,0,19,Prop,Forwards,North Queensland Cowboys,0.76,10.98 %,0,14.4,0,26.46,331
Addin Fonua-Blake,76,4403,12806,1259,23,3,26,3,1072,1,0,1,1572,31,27,2110,73,91,0,18,Prop,Forwards,Warriors,0.76,7.21 %,0.01,20.68,0.02,28.56,332
Lewis Dodd,8,293,195,32,0,1,0,0,2,42,10,0,0,3,3,84,11,11,0,2,Five-Eighth,Backs,South Sydney Rabbitohs,0.75,20.75 %,0,0,0,0,333
Ray Stone,61,2762,3960,444,5,2,3,2,389,1,0,5,274,24,22,1872,74,192,0,15,Interchange,Interchange,Dolphins,0.75,12.44 %,0.08,4.49,0.14,7.94,334
Dan Russell,8,599,533,61,0,1,1,0,60,0,0,0,0,3,3,307,8,27,0,3,2nd Row,Forwards,St. George Illawarra Dragons,0.75,10.23 %,0,0,0,0,335
Tyran Wishart,71,3078,4486,505,21,10,24,4,122,124,29,5,138,28,25,1067,60,108,0,12,Interchange,Interchange,Melbourne Storm,0.75,13.60 %,0.07,1.94,0.13,3.59,336
Brandon Smith,46,2547,2679,283,5,4,8,6,53,39,0,3,25,20,14,1307,64,142,0,18,Hooker,Forwards,Sydney Roosters,0.74,13.62 %,0.07,0.54,0.09,0.79,337
Daniel Saifiti,53,2423,6323,629,7,4,7,2,520,1,0,1,1289,21,18,1218,49,96,1,7,Prop,Forwards,Newcastle Knights,0.74,10.64 %,0.02,24.32,0.03,42.56,338
Dean Hawkins,27,1709,796,127,3,13,2,6,1,231,72,3,14,11,9,447,42,77,0,5,Halfback,Backs,Parramatta Eels,0.74,21.02 %,0.11,0.52,0.14,0.66,339
Taine Tuaupiki,43,1791,3435,393,3,9,6,8,15,6,0,44,1223,17,15,113,15,28,0,4,Fullback,Backs,Warriors,0.74,27.56 %,1.02,28.44,1.97,54.63,340
Mason Teague,11,218,333,37,0,0,0,0,36,0,0,0,0,4,4,152,4,7,0,0,Interchange,Interchange,Dolphins,0.73,6.75 %,0,0,0,0,341
Royce Hunt,56,1325,3701,347,6,0,5,0,292,0,0,1,755,23,18,700,34,59,0,15,Interchange,Interchange,Cronulla-Sutherland Sharks,0.73,11.73 %,0.02,13.48,0.06,45.58,342
Tyson Frizell,64,3871,6322,662,9,1,10,1,621,1,0,6,175,27,20,1858,76,94,0,35,2nd Row,Forwards,Newcastle Knights,0.73,8.38 %,0.09,2.73,0.12,3.62,343
Wayde Egan,63,4274,3375,366,9,15,11,23,44,7,1,1,6,25,21,2412,64,191,0,25,Hooker,Forwards,Warriors,0.73,9.56 %,0.02,0.1,0.02,0.11,344
Kulikefu Finefeuiaki,57,3093,4705,493,6,3,9,2,485,1,0,3,13,21,20,1247,62,127,1,9,2nd Row,Forwards,North Queensland Cowboys,0.72,13.16 %,0.05,0.23,0.08,0.34,345
Jacob Liddle,68,3806,3637,370,17,8,24,11,65,6,0,5,15,27,22,2312,85,180,0,24,Hooker,Forwards,St. George Illawarra Dragons,0.72,10.28 %,0.07,0.22,0.11,0.32,346
Dylan Walker,66,3525,6990,879,5,12,9,16,508,32,4,6,61,25,22,1710,60,159,0,28,Interchange,Interchange,Warriors,0.71,11.35 %,0.09,0.92,0.14,1.38,347
Jesse Marschke,7,252,225,29,0,2,2,1,6,26,6,0,0,2,3,95,7,10,0,3,Halfback,Backs,St. George Illawarra Dragons,0.71,15.18 %,0,0,0,0,348
Harrison Graham,14,429,228,29,2,0,3,0,9,0,0,2,4,5,5,303,12,16,0,2,Hooker,Forwards,Dolphins,0.71,8.46 %,0.14,0.29,0.37,0.75,349
Thomas Burgess,40,1481,4436,460,5,0,7,0,391,2,0,0,779,15,13,745,22,124,1,13,Interchange,Interchange,South Sydney Rabbitohs,0.7,16.39 %,0,19.48,0,42.08,350
Brendan Elliot,10,160,325,33,0,0,1,0,0,1,0,4,37,4,3,3,1,3,0,2,Winger,Backs,North Queensland Cowboys,0.7,57.14 %,0.4,3.7,2,18.5,351
Jakob Arthur,33,847,798,110,1,2,1,6,1,88,27,3,6,12,11,231,17,32,0,4,Five-Eighth,Backs,Manly-Warringah Sea Eagles,0.7,17.50 %,0.09,0.18,0.28,0.57,352
Jackson Hastings,45,3254,3458,522,7,20,5,21,3,416,134,9,8,17,14,827,38,69,0,18,Halfback,Backs,Newcastle Knights,0.69,11.46 %,0.2,0.18,0.22,0.2,353
Marata Niukore,61,3567,4954,534,9,2,15,1,513,2,1,6,86,22,20,1523,69,135,1,27,2nd Row,Forwards,Warriors,0.69,11.81 %,0.1,1.41,0.13,1.93,354
Thomas Flegler,26,1166,2863,302,4,1,6,3,262,0,0,0,393,10,8,583,18,35,0,12,Prop,Forwards,Brisbane Broncos,0.69,8.33 %,0,15.12,0,26.96,355
Toby Rudolf,53,2108,5169,559,3,0,5,1,483,0,0,2,793,21,15,1350,50,110,0,18,Prop,Forwards,Cronulla-Sutherland Sharks,0.68,10.60 %,0.04,14.96,0.08,30.09,356
Lindsay Smith,78,3700,7974,946,8,4,10,5,799,8,0,6,1143,27,26,2400,78,111,1,31,Interchange,Interchange,Penrith Panthers,0.68,7.30 %,0.08,14.65,0.13,24.71,357
Aaron Schoupp,31,1664,2570,277,3,1,2,4,33,1,0,4,47,11,10,274,27,52,0,9,Centre,Backs,Gold Coast Titans,0.68,22.38 %,0.13,1.52,0.19,2.26,358
Terrell May,68,3581,8666,989,8,2,8,10,865,3,0,4,894,25,21,2150,72,47,2,18,Prop,Forwards,Sydney Roosters,0.68,5.24 %,0.06,13.15,0.09,19.97,359
Taylor Losalu,6,160,392,38,0,0,0,0,33,0,0,1,48,2,2,101,4,1,1,3,Interchange,Interchange,Sydney Roosters,0.67,4.72 %,0.17,8,0.5,24,360
Kurt Donoghoe,43,1817,2384,289,4,4,3,5,154,6,1,1,0,15,14,1003,48,91,0,19,Lock,Forwards,Dolphins,0.67,12.17 %,0.02,0,0.04,0,361
Christian Welch,45,1850,4666,523,2,0,2,0,403,0,0,1,790,16,14,1088,41,98,1,18,Prop,Forwards,Melbourne Storm,0.67,11.33 %,0.02,17.56,0.04,34.16,362
Ofahiki Ogden,12,330,1186,116,1,0,2,0,98,0,0,1,198,4,4,154,6,20,1,2,Prop,Forwards,Parramatta Eels,0.67,14.44 %,0.08,16.5,0.24,48,363
Josh Kerr,64,1730,5488,576,3,3,6,4,501,0,0,1,951,24,19,1005,44,70,0,18,Interchange,Interchange,Dolphins,0.67,10.19 %,0.02,14.86,0.05,43.98,364
Dylan Lucas,51,3096,5219,540,14,2,18,3,385,3,0,3,20,18,16,1373,59,101,0,14,2nd Row,Forwards,Newcastle Knights,0.67,10.44 %,0.06,0.39,0.08,0.52,365
Stefano Utoikamanu,70,3278,7608,814,7,1,11,0,698,1,0,0,1281,24,23,1890,55,99,1,41,Prop,Forwards,Wests Tigers,0.67,7.53 %,0,18.3,0,31.26,366
Lachlan Hubner,24,1003,1843,231,1,4,1,5,201,0,0,2,20,10,6,700,40,71,0,9,Lock,Forwards,South Sydney Rabbitohs,0.67,13.69 %,0.08,0.83,0.16,1.6,367
Heilum Luki,32,1763,2843,307,8,3,10,3,302,0,0,1,14,13,8,779,28,48,0,12,2nd Row,Forwards,North Queensland Cowboys,0.66,8.89 %,0.03,0.44,0.05,0.64,368
Tallyn Da Silva,35,959,827,84,5,1,7,0,27,9,0,1,0,13,10,556,23,75,0,12,Interchange,Interchange,Wests Tigers,0.66,14.98 %,0.03,0,0.08,0,369
Felise Kaufusi,50,3010,4745,520,3,3,8,6,481,0,0,2,270,19,14,1179,27,78,0,30,2nd Row,Forwards,Dolphins,0.66,8.18 %,0.04,5.4,0.05,7.18,370
Ryan Matterson,38,2166,4444,489,0,6,1,6,412,7,1,1,58,14,11,1134,39,59,0,17,Interchange,Interchange,Parramatta Eels,0.66,7.95 %,0.03,1.53,0.04,2.14,371
Te Maire Martin,44,2574,2264,297,5,21,9,23,9,140,41,1,67,16,13,737,41,94,0,9,Five-Eighth,Backs,Warriors,0.66,15.48 %,0.02,1.52,0.03,2.08,372
Sean Keppie,64,2567,5550,602,3,0,4,1,529,0,0,3,764,24,18,1480,53,162,2,27,Prop,Forwards,South Sydney Rabbitohs,0.66,12.68 %,0.05,11.94,0.09,23.81,373
Spencer Leniu,58,2206,4975,500,3,0,4,1,408,0,0,1,1181,21,17,1137,39,64,0,13,Interchange,Interchange,Sydney Roosters,0.66,8.31 %,0.02,20.36,0.04,42.83,374
Isaah Yeo,70,5336,10576,1232,7,11,11,14,839,8,0,1,16,24,21,2751,85,72,0,29,Lock,Forwards,Penrith Panthers,0.64,5.40 %,0.01,0.23,0.01,0.24,375
Payne Haas,61,3677,10196,1025,6,3,11,8,916,2,0,7,808,21,18,1927,53,31,0,20,Prop,Forwards,Brisbane Broncos,0.64,4.18 %,0.11,13.25,0.15,17.58,376
Morgan Smithies,49,2602,4216,510,1,1,0,1,462,1,0,1,37,16,15,1638,45,55,2,16,Lock,Forwards,Canberra Raiders,0.63,5.75 %,0.02,0.76,0.03,1.14,377
Tom Eisenhuth,43,2026,2674,326,2,0,2,2,286,2,0,5,82,14,13,1322,54,81,0,15,Lock,Forwards,St. George Illawarra Dragons,0.63,9.27 %,0.12,1.91,0.2,3.24,378
Euan Aitken,51,3853,5653,657,8,7,11,10,277,2,0,4,8,17,15,1341,72,87,0,19,2nd Row,Forwards,Dolphins,0.63,10.60 %,0.08,0.16,0.08,0.17,379
Junior Paulo,60,3163,7470,825,6,5,5,16,651,0,0,2,1316,20,18,1424,65,109,3,12,Prop,Forwards,Parramatta Eels,0.63,10.89 %,0.03,21.93,0.05,33.28,380
Junior Amone,19,1387,1346,199,1,7,3,6,1,56,11,0,0,6,6,257,16,55,0,1,Five-Eighth,Backs,St. George Illawarra Dragons,0.63,21.65 %,0,0,0,0,381
Dale Finucane,16,726,1571,170,0,0,0,0,153,0,0,0,14,6,4,459,17,23,0,9,Lock,Forwards,Cronulla-Sutherland Sharks,0.62,8.02 %,0,0.88,0,1.54,382
Jacob Host,39,2320,2980,351,5,2,5,2,343,1,0,2,26,12,12,929,36,87,1,17,2nd Row,Forwards,South Sydney Rabbitohs,0.62,11.69 %,0.05,0.67,0.07,0.9,383
Karl Lawton,50,1870,1512,167,1,1,5,1,107,4,0,4,37,16,15,970,37,46,0,12,Interchange,Interchange,Manly-Warringah Sea Eagles,0.62,7.88 %,0.08,0.74,0.17,1.58,384
Klese Haas,62,2966,3761,406,6,2,4,5,382,0,0,3,126,22,16,1422,48,83,0,23,2nd Row,Forwards,Gold Coast Titans,0.61,8.44 %,0.05,2.03,0.08,3.4,385
Cameron McInnes,71,3973,7519,911,8,1,9,5,767,1,0,1,55,26,17,2788,81,97,0,36,Lock,Forwards,Cronulla-Sutherland Sharks,0.61,6.00 %,0.01,0.77,0.02,1.11,386
Drew Hutchison,38,1860,1749,227,4,6,7,6,11,110,23,9,53,12,11,572,36,85,0,13,Halfback,Backs,Canterbury-Bankstown Bulldogs,0.61,17.46 %,0.24,1.39,0.39,2.28,387
Emre Guler,54,2239,4257,475,3,1,2,2,414,1,1,2,578,18,15,1404,35,103,1,19,Interchange,Interchange,Canberra Raiders,0.61,8.95 %,0.04,10.7,0.07,20.65,388
Mitchell Kenny,69,5063,1888,260,3,11,3,10,84,19,0,4,14,23,19,2902,99,311,1,33,Hooker,Forwards,Penrith Panthers,0.61,12.38 %,0.06,0.2,0.06,0.22,389
Latu Fainu,25,1137,1116,136,5,5,7,3,27,58,23,3,17,8,7,337,12,56,0,10,Halfback,Backs,Wests Tigers,0.6,16.79 %,0.12,0.68,0.21,1.2,390
Thomas Duffy,10,373,174,28,0,1,0,1,1,38,15,1,0,3,3,105,5,14,0,2,Halfback,Backs,North Queensland Cowboys,0.6,15.32 %,0.1,0,0.21,0,391
Matt Frawley,15,558,302,40,3,2,3,1,2,41,15,0,0,5,4,123,5,26,0,0,Five-Eighth,Backs,Canberra Raiders,0.6,20.13 %,0,0,0,0,392
Kurtis Morrin,47,1186,2882,310,3,0,4,1,267,3,0,0,368,14,14,761,18,105,0,7,Interchange,Interchange,Canterbury-Bankstown Bulldogs,0.6,13.91 %,0,7.83,0,24.82,393
Billy Walters,74,3647,3020,346,16,13,17,13,63,58,1,6,1,25,19,1811,89,205,1,23,Hooker,Forwards,Brisbane Broncos,0.59,13.97 %,0.08,0.01,0.13,0.02,394
Alex Seyfarth,61,2902,3770,459,9,3,8,3,430,3,0,7,77,19,17,1592,36,111,1,27,2nd Row,Forwards,Wests Tigers,0.59,8.45 %,0.11,1.26,0.19,2.12,395
Patrick Carrigan,70,4755,11292,1220,4,9,6,15,956,3,1,2,807,21,20,2514,130,155,1,43,Lock,Forwards,Brisbane Broncos,0.59,10.18 %,0.03,11.53,0.03,13.58,396
Danny Levi,31,1166,669,83,6,4,4,4,6,8,1,1,0,10,8,616,12,70,0,15,Hooker,Forwards,Canberra Raiders,0.58,11.75 %,0.03,0,0.07,0,397
Raymond Faitala-Mariner,40,1758,2566,278,2,2,3,2,254,1,0,2,149,12,11,917,33,60,1,10,2nd Row,Forwards,St. George Illawarra Dragons,0.58,9.21 %,0.05,3.72,0.09,6.78,398
Karl Oloapu,7,440,287,43,0,1,1,1,1,22,6,0,0,2,2,156,12,24,0,2,Five-Eighth,Backs,Canterbury-Bankstown Bulldogs,0.57,18.75 %,0,0,0,0,399
Tanner Stowers-Smith,14,384,849,97,0,0,0,0,87,0,0,0,116,5,3,247,11,25,0,4,Interchange,Interchange,Warriors,0.57,12.72 %,0,8.29,0,24.17,400
Alex Twal,63,2840,5856,668,2,0,1,0,628,2,0,1,253,18,18,1923,74,44,1,15,Interchange,Interchange,Wests Tigers,0.57,5.78 %,0.02,4.02,0.03,7.13,401
Andrew Davey,14,666,794,92,2,0,1,1,91,0,0,0,0,4,4,282,9,19,0,5,2nd Row,Forwards,Parramatta Eels,0.57,9.03 %,0,0,0,0,402
Kobe Hetherington,69,2639,4992,553,3,0,7,2,540,1,0,2,34,20,19,1647,66,101,1,9,Interchange,Interchange,Brisbane Broncos,0.57,9.21 %,0.03,0.49,0.06,1.03,403
Jaeman Salmon,62,2822,3439,424,9,2,6,4,335,9,3,2,10,18,17,1412,68,174,0,21,Lock,Forwards,Canterbury-Bankstown Bulldogs,0.56,14.63 %,0.03,0.16,0.06,0.28,404
Sam Tuivaiti,11,265,756,90,1,0,1,0,76,0,0,0,145,3,3,189,10,20,0,1,Interchange,Interchange,Parramatta Eels,0.55,13.70 %,0,13.18,0,43.77,405
Kurt Mann,58,2254,4057,509,8,5,12,5,327,3,0,3,9,18,14,1305,64,104,0,20,Interchange,Interchange,Canterbury-Bankstown Bulldogs,0.55,11.41 %,0.05,0.16,0.11,0.32,406
Zac Woolford,22,1071,396,56,0,3,0,3,6,12,0,1,0,6,6,631,19,23,0,11,Hooker,Forwards,Canberra Raiders,0.55,6.24 %,0.05,0,0.07,0,407
Samuel Hughes,40,1243,2963,334,4,0,2,0,292,0,0,3,511,12,10,806,28,36,1,21,Prop,Forwards,Canterbury-Bankstown Bulldogs,0.55,7.36 %,0.07,12.78,0.19,32.89,408
Fletcher Baker,31,893,1950,216,1,2,0,3,179,0,0,3,382,9,8,550,14,46,0,6,Interchange,Interchange,Brisbane Broncos,0.55,9.84 %,0.1,12.32,0.27,34.22,409
Jack de Belin,63,3545,7483,909,5,3,7,8,625,0,0,2,405,18,16,2205,69,82,1,21,Lock,Forwards,St. George Illawarra Dragons,0.54,6.41 %,0.03,6.43,0.05,9.14,410
Josh King,78,4598,8073,904,11,4,8,5,770,1,0,0,1111,24,18,2509,100,171,1,26,Prop,Forwards,Melbourne Storm,0.54,9.75 %,0,14.24,0,19.33,411
Moeaki Fotuaika,63,3462,8178,823,1,1,2,1,692,0,0,2,1304,18,16,1879,76,94,2,28,Prop,Forwards,Gold Coast Titans,0.54,8.30 %,0.03,20.7,0.05,30.13,412
Wiremu Greig,24,603,1865,192,1,0,2,0,168,0,0,0,265,7,6,344,10,31,0,7,Prop,Forwards,Parramatta Eels,0.54,10.65 %,0,11.04,0,35.16,413
Tom Weaver,15,798,508,85,0,4,1,1,0,139,31,3,4,5,3,192,13,54,0,0,Halfback,Backs,Gold Coast Titans,0.53,25.87 %,0.2,0.27,0.3,0.4,414
Jack Gosiewski,34,1471,1635,214,6,1,3,1,195,1,0,0,39,9,9,586,27,58,0,6,2nd Row,Forwards,Brisbane Broncos,0.53,12.67 %,0,1.15,0,2.12,415
Reagan Campbell-Gillard,62,3234,7126,761,5,2,8,2,680,0,0,3,935,18,15,1629,52,171,0,22,Prop,Forwards,Parramatta Eels,0.53,12.04 %,0.05,15.08,0.07,23.13,416
Josh Aloiai,43,1667,4255,462,1,0,1,1,409,0,0,0,565,13,10,854,34,34,0,13,Prop,Forwards,Manly-Warringah Sea Eagles,0.53,7.38 %,0,13.14,0,27.11,417
Joe Stimson,30,1471,1321,163,2,0,2,0,151,0,0,2,40,8,8,713,35,91,1,11,2nd Row,Forwards,Gold Coast Titans,0.53,15.02 %,0.07,1.33,0.11,2.18,418
Jeremy Marshall-King,51,3652,2471,278,8,19,14,19,36,11,0,1,0,14,13,2012,75,156,0,28,Hooker,Forwards,Dolphins,0.53,10.30 %,0.02,0,0.02,0,419
Brendan Hands,45,2034,1026,119,2,3,3,8,47,10,2,3,1,13,11,1093,50,101,0,10,Hooker,Forwards,Parramatta Eels,0.53,12.14 %,0.07,0.02,0.12,0.04,420
Tuku Hau Tapuha,19,263,806,84,2,0,2,0,72,0,0,0,153,5,5,165,17,10,0,4,Interchange,Interchange,Cronulla-Sutherland Sharks,0.53,14.06 %,0,8.05,0,46.54,421
Michael Chee-Kam,42,2151,2942,358,2,2,2,4,280,1,0,6,16,10,12,771,37,86,0,10,2nd Row,Forwards,South Sydney Rabbitohs,0.52,13.76 %,0.14,0.38,0.22,0.6,422
Siliva Havili,46,1548,2544,278,3,4,3,4,225,0,0,1,121,13,11,941,30,49,0,13,Interchange,Interchange,South Sydney Rabbitohs,0.52,7.75 %,0.02,2.63,0.05,6.25,423
Blayke Brailey,79,6275,3718,466,7,32,8,25,39,31,1,4,7,20,21,3389,137,227,0,30,Hooker,Forwards,Cronulla-Sutherland Sharks,0.52,9.70 %,0.05,0.09,0.05,0.09,424
Jesse Bromwich,43,1781,3864,399,2,3,2,4,354,0,0,0,392,12,10,1069,33,95,0,17,Prop,Forwards,Dolphins,0.51,10.69 %,0,9.12,0,17.61,425
Tohu Harris,37,2504,5055,624,3,7,4,11,425,1,0,1,178,10,9,1426,41,86,1,11,Lock,Forwards,Warriors,0.51,8.18 %,0.03,4.81,0.03,5.69,426
Ashton Ward,6,423,315,45,1,1,0,1,1,30,3,0,24,2,1,137,13,18,0,3,Five-Eighth,Backs,South Sydney Rabbitohs,0.5,18.45 %,0,4,0,4.54,427
Heath Mason,24,703,1140,127,2,0,4,1,5,7,3,14,267,6,6,128,8,39,0,2,Fullback,Backs,Wests Tigers,0.5,26.86 %,0.58,11.12,1.59,30.38,428
Aitasi James,8,131,292,33,0,0,0,0,31,0,0,0,33,2,2,97,1,4,1,1,Interchange,Interchange,Wests Tigers,0.5,4.90 %,0,4.12,0,20.15,429
Tariq Sims,18,503,994,107,1,0,2,0,98,0,0,1,116,5,4,274,10,12,0,5,Interchange,Interchange,Melbourne Storm,0.5,7.43 %,0.06,6.44,0.16,18.45,430
Jed Cartwright,22,448,778,76,1,1,2,0,62,0,0,0,4,6,5,228,11,22,0,5,Interchange,Interchange,South Sydney Rabbitohs,0.5,12.64 %,0,0.18,0,0.71,431
Franklin Pele,6,111,392,38,0,0,0,0,30,0,0,0,90,2,1,42,1,3,0,0,Interchange,Interchange,Canterbury-Bankstown Bulldogs,0.5,8.70 %,0,15,0,64.86,432
Luke Sommerton,14,511,401,59,2,0,2,0,7,2,0,0,1,4,3,304,6,30,0,4,Hooker,Forwards,Penrith Panthers,0.5,10.59 %,0,0.07,0,0.16,433
Tui Kamikamica,67,2315,5193,532,3,1,2,2,457,1,1,4,933,18,15,1339,41,65,1,19,Prop,Forwards,Melbourne Storm,0.49,7.34 %,0.06,13.93,0.14,32.24,434
Oregon Kaufusi,67,2642,5461,588,3,1,3,1,487,1,0,0,1290,18,15,1414,45,86,0,13,Prop,Forwards,Cronulla-Sutherland Sharks,0.49,8.48 %,0,19.25,0,39.06,435
Xavier Willison,48,1795,4673,479,9,1,11,0,439,0,0,1,319,12,11,980,27,51,0,23,Interchange,Interchange,Brisbane Broncos,0.48,7.37 %,0.02,6.65,0.04,14.22,436
Joseph Tapine,71,3802,10954,1101,6,6,11,9,959,3,0,1,713,19,15,2285,69,142,0,29,Prop,Forwards,Canberra Raiders,0.48,8.45 %,0.01,10.04,0.02,15,437
Nathan Brown,44,1899,4149,486,1,1,0,5,350,0,0,2,333,11,10,955,37,102,0,18,Interchange,Interchange,Manly-Warringah Sea Eagles,0.48,12.71 %,0.05,7.57,0.08,14.03,438
Jason Taumalolo,49,2124,6420,597,0,1,1,0,504,0,0,1,934,12,11,946,44,107,1,4,Prop,Forwards,North Queensland Cowboys,0.47,13.76 %,0.02,19.06,0.04,35.18,439
Keenan Palasia,36,1261,2934,322,3,0,2,1,267,0,0,3,405,11,6,660,26,58,2,6,Interchange,Interchange,Brisbane Broncos,0.47,11.29 %,0.08,11.25,0.19,25.69,440
Ethan Bullemor,72,2758,6815,718,9,2,9,2,647,2,0,1,708,18,16,1533,59,63,1,10,Interchange,Interchange,Manly-Warringah Sea Eagles,0.47,7.37 %,0.01,9.83,0.03,20.54,441
Jayden Sullivan,34,2191,1824,236,4,10,7,10,5,151,37,4,5,10,6,630,42,100,0,9,Five-Eighth,Backs,South Sydney Rabbitohs,0.47,18.39 %,0.12,0.15,0.15,0.18,442
Thomas Hazelton,57,1803,4800,541,11,2,14,2,476,0,0,8,659,13,14,1304,50,60,0,14,Interchange,Interchange,Cronulla-Sutherland Sharks,0.47,7.78 %,0.14,11.56,0.35,29.24,443
Daniel Atkinson,52,1702,1919,253,8,4,9,3,42,126,53,7,22,15,9,423,27,70,0,8,Five-Eighth,Backs,Cronulla-Sutherland Sharks,0.46,18.65 %,0.13,0.42,0.33,1.03,444
Alec MacDonald,56,1910,3691,390,2,1,4,0,363,0,0,1,278,14,12,1161,42,69,0,14,Interchange,Interchange,Melbourne Storm,0.46,8.73 %,0.02,4.96,0.04,11.64,445
Zane Musgrove,13,320,888,94,1,0,1,0,89,0,0,0,40,3,3,169,9,10,1,5,Interchange,Interchange,St. George Illawarra Dragons,0.46,10.11 %,0,3.08,0,10,446
Luke Garner,59,2840,4240,470,13,7,19,6,383,3,0,5,20,16,11,1162,60,113,0,14,2nd Row,Forwards,Penrith Panthers,0.46,12.96 %,0.08,0.34,0.14,0.56,447
Max King,65,3310,7801,841,2,0,3,0,741,1,1,1,1103,16,14,2270,83,115,1,16,Prop,Forwards,Canterbury-Bankstown Bulldogs,0.46,8.02 %,0.02,16.97,0.02,26.66,448
Moses Leota,78,3251,8122,895,6,4,5,2,799,0,0,3,1095,18,17,1869,54,152,0,26,Prop,Forwards,Penrith Panthers,0.45,9.93 %,0.04,14.04,0.07,26.95,449
Ryan Couchman,18,368,664,72,0,1,0,1,70,0,0,0,10,5,3,272,7,22,1,5,Interchange,Interchange,St. George Illawarra Dragons,0.44,9.63 %,0,0.56,0,2.17,450
Demitric Sifakula,34,904,1934,213,3,1,4,2,192,0,0,2,155,8,7,624,19,28,0,13,Interchange,Interchange,Warriors,0.44,7.00 %,0.06,4.56,0.18,13.72,451
Corey Harawira-Naera,9,501,500,58,0,1,0,1,47,1,0,3,29,2,2,241,7,20,0,3,Lock,Forwards,Canberra Raiders,0.44,10.07 %,0.33,3.22,0.48,4.63,452
Connor Watson,43,2887,3268,388,7,8,6,16,131,9,1,6,27,12,7,1561,41,81,0,20,Hooker,Forwards,Sydney Roosters,0.44,7.25 %,0.14,0.63,0.17,0.75,453
Kit Laulilii,7,67,139,15,0,0,0,0,13,0,0,0,22,2,1,44,1,6,0,0,Interchange,Interchange,Wests Tigers,0.43,13.73 %,0,3.14,0,26.27,454
Isaac Liu,46,1765,3162,351,1,3,2,4,269,0,0,1,217,11,9,947,34,67,0,11,Lock,Forwards,Gold Coast Titans,0.43,9.64 %,0.02,4.72,0.05,9.84,455
Bronson Garlick,56,1418,1238,154,3,5,2,6,94,0,0,3,9,13,11,841,31,51,0,11,Hooker,Forwards,Melbourne Storm,0.43,8.88 %,0.05,0.16,0.17,0.51,456
Mawene Hiroti,21,791,1411,146,7,3,9,1,0,1,0,9,81,5,4,151,13,29,0,1,Centre,Backs,Cronulla-Sutherland Sharks,0.43,21.76 %,0.43,3.86,0.91,8.19,457
Tom Gilbert,21,1250,2149,250,2,0,2,1,234,0,0,4,60,5,4,798,27,81,0,8,Lock,Forwards,Dolphins,0.43,11.92 %,0.19,2.86,0.26,3.84,458
Charlie Guymer,19,870,1117,143,3,2,2,1,140,1,0,0,0,4,4,485,20,47,0,1,2nd Row,Forwards,Parramatta Eels,0.42,12.14 %,0,0,0,0,459
Mark Nicholls,66,2585,6085,640,8,0,8,2,562,2,1,5,817,14,14,1614,45,110,0,19,Interchange,Interchange,Dolphins,0.42,8.76 %,0.08,12.38,0.15,25.28,460
Liam Knight,12,357,907,100,1,0,0,0,84,1,0,0,99,3,2,222,10,18,1,3,Interchange,Interchange,Canterbury-Bankstown Bulldogs,0.42,11.20 %,0,8.25,0,22.18,461
Jayden Brailey,52,3024,1664,214,1,3,0,3,17,15,0,1,0,11,11,1891,51,77,1,16,Hooker,Forwards,Newcastle Knights,0.42,6.34 %,0.02,0,0.03,0,462
Matthew Eisenhuth,45,1213,2830,341,0,0,0,0,291,0,0,0,312,10,9,823,27,53,0,11,Interchange,Interchange,Penrith Panthers,0.42,8.86 %,0,6.93,0,20.58,463
Kruise Leeming,12,340,356,34,2,0,3,0,8,4,0,0,0,3,2,159,5,28,0,1,Interchange,Interchange,Gold Coast Titans,0.42,17.19 %,0,0,0,0,464
Brodie Jones,55,1485,2604,287,4,1,3,1,273,0,0,0,132,13,10,912,43,56,1,4,Interchange,Interchange,Newcastle Knights,0.42,9.79 %,0,2.4,0,7.11,465
Ata Mariota,66,2144,4683,517,3,3,3,2,452,0,0,1,749,18,9,1209,42,87,0,5,Interchange,Interchange,Canberra Raiders,0.41,9.64 %,0.02,11.35,0.04,27.95,466
Luron Patea,17,358,984,96,1,0,2,0,85,1,0,0,143,4,3,247,6,15,0,4,Interchange,Interchange,Penrith Panthers,0.41,7.84 %,0,8.41,0,31.96,467
Jake Trbojevic,59,4289,4284,563,3,2,2,1,434,3,0,3,112,12,12,2251,91,122,0,26,Lock,Forwards,Manly-Warringah Sea Eagles,0.41,8.64 %,0.05,1.9,0.06,2.09,468
Tom Chester,15,561,1022,121,4,1,4,0,12,4,0,9,161,3,3,86,4,19,0,1,Centre,Backs,North Queensland Cowboys,0.4,21.10 %,0.6,10.73,1.28,22.96,469
Hamish Stewart,20,712,1151,136,1,2,1,1,132,0,0,2,0,4,4,532,20,37,0,1,Interchange,Interchange,St. George Illawarra Dragons,0.4,9.68 %,0.1,0,0.22,0,470
Toby Couchman,45,1732,3231,346,4,0,4,2,327,0,0,1,163,9,9,1138,30,48,0,11,Interchange,Interchange,St. George Illawarra Dragons,0.4,6.41 %,0.02,3.62,0.05,7.53,471
Herman Ese'ese,20,644,1877,185,0,0,1,0,153,0,0,0,354,4,4,348,8,16,0,9,Interchange,Interchange,Dolphins,0.4,6.45 %,0,17.7,0,43.98,472
Jaimin Jolliffe,42,2035,4430,464,3,0,2,2,391,0,0,1,813,8,9,1337,52,79,0,15,Prop,Forwards,Gold Coast Titans,0.4,8.92 %,0.02,19.36,0.04,31.96,473
Tristan Hope,10,164,68,11,0,1,0,1,2,2,0,1,0,2,2,109,1,3,0,1,Hooker,Forwards,Wests Tigers,0.4,3.54 %,0.1,0,0.49,0,474
Mavrik Geyer,20,582,738,92,0,0,0,3,67,2,1,1,8,4,4,240,10,19,0,2,Interchange,Interchange,Penrith Panthers,0.4,10.78 %,0.05,0.4,0.14,1.1,475
Aublix Tawha,10,391,701,82,0,0,0,0,75,0,0,0,32,2,2,273,12,21,0,6,Prop,Forwards,Dolphins,0.4,10.78 %,0,3.2,0,6.55,476
Trent Toelau,15,285,314,42,1,0,1,0,3,14,1,0,0,3,3,153,7,17,0,3,Interchange,Interchange,Penrith Panthers,0.4,13.56 %,0,0,0,0,477
Oryn Keeley,35,1029,1565,177,5,2,3,2,160,3,0,1,0,7,7,471,22,69,0,10,2nd Row,Forwards,Dolphins,0.4,16.19 %,0.03,0,0.08,0,478
Ativalu Lisati,18,510,873,93,2,0,2,0,85,0,0,0,68,4,3,274,14,15,0,0,Interchange,Interchange,Melbourne Storm,0.39,9.57 %,0,3.78,0,10.67,479
Tony Sukkar,21,625,609,73,0,2,1,2,70,0,0,0,0,4,4,285,10,21,0,1,Interchange,Interchange,Wests Tigers,0.38,9.81 %,0,0,0,0,480
Corey Jensen,71,3033,7878,814,2,1,2,2,701,0,0,1,1283,14,13,1973,62,100,0,19,Prop,Forwards,Brisbane Broncos,0.38,7.59 %,0.01,18.07,0.03,33.84,481
James Fisher-Harris,65,3165,8096,936,6,1,7,1,805,2,0,2,964,15,10,1908,52,112,0,25,Prop,Forwards,Penrith Panthers,0.38,7.92 %,0.03,14.83,0.05,24.37,482
Jacob Saifiti,53,2358,6125,627,2,1,3,1,523,0,0,0,1305,10,10,1309,49,88,2,9,Prop,Forwards,Newcastle Knights,0.38,9.47 %,0,24.62,0,44.27,483
Mitchell Dunn,8,153,273,30,0,0,0,0,22,0,0,1,39,2,1,108,1,9,1,2,Interchange,Interchange,North Queensland Cowboys,0.38,8.47 %,0.12,4.88,0.52,20.39,484
Daniel Fifita,24,455,1497,161,1,0,1,0,140,0,0,0,248,5,4,273,17,28,0,7,Interchange,Interchange,South Sydney Rabbitohs,0.38,14.15 %,0,10.33,0,43.6,485
Luca Moretti,37,834,2352,254,2,0,3,2,233,0,0,0,241,8,6,500,18,37,0,7,Interchange,Interchange,Parramatta Eels,0.38,9.91 %,0,6.51,0,23.12,486
Kai O'Donnell,21,616,756,100,0,0,0,0,95,0,0,2,0,4,4,324,17,26,0,4,2nd Row,Forwards,North Queensland Cowboys,0.38,11.72 %,0.1,0,0.26,0,487
Max Plath,35,1983,2392,282,8,2,7,1,217,1,0,2,0,7,6,1206,40,63,0,11,Lock,Forwards,Dolphins,0.37,7.87 %,0.06,0,0.08,0,488
Joe Ofahengaue,51,1844,4786,523,4,0,3,1,464,0,0,0,548,11,8,1061,28,86,0,17,Interchange,Interchange,Parramatta Eels,0.37,9.70 %,0,10.75,0,23.77,489
Tom Starling,70,3469,2935,311,7,12,10,10,130,21,0,9,21,13,13,2162,53,185,0,19,Hooker,Forwards,Canberra Raiders,0.37,9.92 %,0.13,0.3,0.21,0.48,490
Harrison Edwards,52,2195,3430,399,1,0,2,0,359,1,0,2,162,10,9,1408,59,103,1,11,Interchange,Interchange,North Queensland Cowboys,0.37,10.32 %,0.04,3.12,0.07,5.9,491
Jesse Colquhoun,28,753,1660,195,1,0,0,0,185,0,0,3,39,5,5,534,23,27,0,11,Interchange,Interchange,Cronulla-Sutherland Sharks,0.36,8.56 %,0.11,1.39,0.32,4.14,492
Hame Sele,36,1302,3360,339,1,0,1,0,287,1,0,0,545,7,6,731,28,37,1,6,Prop,Forwards,South Sydney Rabbitohs,0.36,8.17 %,0,15.14,0,33.49,493
Jack Hetherington,56,1450,3250,353,2,1,5,1,318,1,0,0,352,12,8,897,28,68,1,21,Interchange,Interchange,Newcastle Knights,0.36,9.67 %,0,6.29,0,19.42,494
Sam McIntyre,47,2078,3877,457,5,4,3,5,367,4,0,5,191,10,7,1158,36,120,0,14,Interchange,Interchange,North Queensland Cowboys,0.36,11.87 %,0.11,4.06,0.19,7.35,495
Sam Verrills,56,3748,1995,217,4,12,7,13,29,13,0,1,3,10,10,2200,120,159,1,22,Hooker,Forwards,Gold Coast Titans,0.36,11.25 %,0.02,0.05,0.02,0.06,496
Dan Keir,11,212,318,42,0,0,0,0,42,0,0,0,0,2,2,129,7,14,0,1,Interchange,Interchange,Parramatta Eels,0.36,14.00 %,0,0,0,0,497
Sione Fainu,36,1312,2682,264,4,0,5,0,234,1,0,1,198,8,5,692,34,79,0,5,Interchange,Interchange,Wests Tigers,0.36,14.04 %,0.03,5.5,0.06,12.07,498
Naufahu Whyte,57,2284,5895,581,4,1,4,3,527,0,0,3,525,11,9,1236,37,68,0,18,Prop,Forwards,Sydney Roosters,0.35,7.83 %,0.05,9.21,0.11,18.39,499
Aaron Woods,23,523,1193,135,0,0,1,0,129,0,0,0,10,6,2,325,11,18,0,2,Interchange,Interchange,Manly-Warringah Sea Eagles,0.35,8.19 %,0,0.43,0,1.53,500
Martin Taupau,38,944,2847,283,1,1,1,0,245,0,0,0,422,7,6,587,19,33,0,13,Interchange,Interchange,Brisbane Broncos,0.34,8.14 %,0,11.11,0,35.76,501
Riley Price,6,99,125,16,0,0,0,0,15,0,0,0,11,1,1,63,2,5,0,0,Interchange,Interchange,Penrith Panthers,0.33,10.00 %,0,1.83,0,8.89,502
Francis Molo,57,2423,5991,654,4,2,3,3,578,0,0,2,853,9,10,1375,40,84,1,28,Prop,Forwards,St. George Illawarra Dragons,0.33,8.27 %,0.04,14.96,0.07,28.16,503
Zach Dockar-Clay,30,715,429,46,1,2,1,3,15,2,0,0,0,5,5,457,11,33,0,6,Interchange,Interchange,Sydney Roosters,0.33,8.78 %,0,0,0,0,504
Erin Clark,69,3127,7725,821,2,2,3,3,692,6,2,1,188,12,11,1819,55,90,1,16,Lock,Forwards,Gold Coast Titans,0.33,7.38 %,0.01,2.72,0.03,4.81,505
Jaiyden Hunt,30,1013,1007,109,1,1,3,0,102,0,0,2,11,5,5,458,16,52,0,3,2nd Row,Forwards,Brisbane Broncos,0.33,12.93 %,0.07,0.37,0.16,0.87,506
Jacob Alick,27,808,914,108,0,0,1,0,85,5,0,1,10,5,4,302,14,19,0,3,Interchange,Interchange,Gold Coast Titans,0.33,9.85 %,0.04,0.37,0.1,0.99,507
Tevita Tatola,40,1660,4129,435,2,0,2,0,392,0,0,3,407,8,5,1021,35,65,2,3,Prop,Forwards,South Sydney Rabbitohs,0.32,8.92 %,0.07,10.18,0.14,19.61,508
Owen Pattie,26,542,539,72,2,3,3,2,11,14,0,0,0,4,4,386,12,35,0,3,Interchange,Interchange,Canberra Raiders,0.31,10.85 %,0,0,0,0,509
Poasa Faamausili,16,177,339,35,0,0,0,0,30,0,0,0,57,3,2,110,2,4,0,0,Prop,Forwards,Dolphins,0.31,5.17 %,0,3.56,0,25.76,510
Freddy Lussick,39,1075,551,71,2,2,2,2,32,5,0,2,8,8,4,639,13,54,0,9,Hooker,Forwards,Warriors,0.31,9.49 %,0.05,0.21,0.15,0.6,511
Matt Doorey,36,961,1833,202,3,0,5,1,173,0,0,1,166,6,5,445,19,29,0,4,Interchange,Interchange,Parramatta Eels,0.31,9.74 %,0.03,4.61,0.08,13.82,512
David Klemmer,66,3060,7546,785,1,1,2,2,700,1,0,1,1004,10,10,1719,39,39,0,21,Prop,Forwards,Wests Tigers,0.3,4.34 %,0.02,15.21,0.03,26.25,513
Jake Granville,40,1434,1387,170,0,2,1,1,122,2,0,0,0,6,6,864,52,81,0,10,Interchange,Interchange,North Queensland Cowboys,0.3,13.34 %,0,0,0,0,514
Joey Lussick,30,1446,548,90,6,2,5,2,20,15,0,1,4,5,4,783,42,64,0,5,Hooker,Forwards,Parramatta Eels,0.3,11.92 %,0.03,0.13,0.06,0.22,515
Matt Croker,67,2348,4577,502,6,1,3,3,475,1,0,5,150,11,9,1577,40,94,0,9,Interchange,Interchange,Newcastle Knights,0.3,7.83 %,0.07,2.24,0.17,5.11,516
Tom Ale,37,815,2428,256,1,1,2,1,218,1,0,2,450,6,5,470,10,27,1,8,Interchange,Interchange,Warriors,0.3,7.30 %,0.05,12.16,0.2,44.17,517
Matthew Arthur,7,104,70,11,0,0,0,0,2,1,0,0,0,1,1,69,7,5,0,0,Interchange,Interchange,Parramatta Eels,0.29,14.81 %,0,0,0,0,518
Jordan McLean,63,2541,6615,675,2,0,3,1,553,1,0,1,805,9,9,1466,52,51,0,13,Prop,Forwards,North Queensland Cowboys,0.29,6.56 %,0.02,12.78,0.03,25.34,519
Ben Condon,7,112,258,30,1,0,1,0,28,0,0,0,26,1,1,53,2,9,0,2,Interchange,Interchange,Manly-Warringah Sea Eagles,0.29,17.19 %,0,3.71,0,18.57,520
Blake Lawrie,60,2378,6013,689,2,1,2,2,578,1,0,0,1135,9,8,1461,42,89,0,14,Prop,Forwards,St. George Illawarra Dragons,0.28,8.23 %,0,18.92,0,38.18,521
Pasami Saulo,32,873,1889,202,0,0,1,0,175,0,0,5,246,5,4,596,20,29,0,2,Interchange,Interchange,Canberra Raiders,0.28,7.60 %,0.16,7.69,0.46,22.54,522
Joe Chan,33,1260,1943,230,2,3,3,2,140,1,1,1,57,6,3,436,17,50,0,11,Interchange,Interchange,Melbourne Storm,0.27,13.32 %,0.03,1.73,0.06,3.62,523
Kenneath Bromwich,49,2169,3705,434,4,2,3,3,388,1,0,1,156,7,6,1191,59,93,0,10,2nd Row,Forwards,Dolphins,0.27,11.32 %,0.02,3.18,0.04,5.75,524
Ben Murdoch-Masila,38,1480,2313,244,0,0,2,2,240,0,0,1,26,6,4,628,33,51,0,12,2nd Row,Forwards,St. George Illawarra Dragons,0.26,11.80 %,0.03,0.68,0.05,1.41,525
Josh Papalii,65,2732,7240,746,7,4,7,5,609,0,0,1,1533,9,8,1518,48,52,0,11,Prop,Forwards,Canberra Raiders,0.26,6.18 %,0.02,23.58,0.03,44.89,526
Shaquai Mitchell,19,534,1381,142,1,0,1,0,127,1,0,0,163,3,2,309,4,22,0,3,Interchange,Interchange,South Sydney Rabbitohs,0.26,7.76 %,0,8.58,0,24.42,527
Thomas Fletcher,8,158,196,20,1,1,2,0,20,0,0,0,0,1,1,73,3,7,0,1,Interchange,Interchange,South Sydney Rabbitohs,0.25,12.05 %,0,0,0,0,528
Jared Waerea-Hargreaves,36,1504,3930,431,0,1,0,2,365,1,1,3,603,5,4,865,29,77,0,23,Prop,Forwards,Sydney Roosters,0.25,10.92 %,0.08,16.75,0.16,32.07,529
Fa'amanu Brown,16,354,495,57,1,1,1,1,42,0,0,0,5,2,2,191,9,19,0,0,Interchange,Interchange,Canterbury-Bankstown Bulldogs,0.25,12.79 %,0,0.31,0,1.13,530
Tepai Moeroa,12,253,618,62,0,0,1,0,53,0,0,0,125,2,1,145,6,12,0,1,Interchange,Interchange,Melbourne Storm,0.25,11.04 %,0,10.42,0,39.53,531
Toafofoa Sipley,48,1504,4355,471,5,0,9,1,396,1,0,2,781,7,5,862,13,29,0,16,Interchange,Interchange,Manly-Warringah Sea Eagles,0.25,4.65 %,0.04,16.27,0.11,41.54,532
Jake Turpin,24,800,243,36,0,0,0,0,16,5,0,0,0,3,3,578,26,21,0,7,Hooker,Forwards,Sydney Roosters,0.25,7.52 %,0,0,0,0,533
Jack Johns,8,209,227,28,1,0,1,0,28,1,0,0,0,2,0,123,7,13,0,1,Lock,Forwards,Newcastle Knights,0.25,13.99 %,0,0,0,0,534
Trey Mooney,28,728,1870,197,2,1,3,3,174,0,0,2,288,4,3,488,10,29,0,9,Interchange,Interchange,Canberra Raiders,0.25,7.40 %,0.07,10.29,0.22,31.65,535
Jackson Topine,8,341,344,38,0,0,0,0,24,0,0,0,0,1,1,130,5,9,0,0,Interchange,Interchange,Canterbury-Bankstown Bulldogs,0.25,9.72 %,0,0,0,0,536
Thomas Cant,36,928,1617,192,0,0,2,0,151,0,0,1,23,5,4,588,17,34,0,5,Interchange,Interchange,Newcastle Knights,0.25,7.98 %,0.03,0.64,0.09,1.98,537
Caleb Navale,12,250,583,64,1,0,1,0,60,0,0,0,10,2,1,176,8,8,0,0,Interchange,Interchange,Manly-Warringah Sea Eagles,0.25,8.33 %,0,0.83,0,3.2,538
Harry Hayes,34,1416,3148,355,2,1,2,0,307,1,1,2,479,4,4,957,45,94,1,7,Interchange,Interchange,Canterbury-Bankstown Bulldogs,0.24,12.68 %,0.06,14.09,0.11,27.06,539
Siosiua Taukeiaho,21,1007,2571,292,0,0,0,2,251,1,0,1,345,3,2,582,28,52,0,15,Prop,Forwards,Manly-Warringah Sea Eagles,0.24,12.08 %,0.05,16.43,0.08,27.41,540
Gordon Chan Kum Tong,17,383,278,26,1,0,2,0,7,2,0,0,0,2,2,216,3,16,0,3,Interchange,Interchange,Manly-Warringah Sea Eagles,0.24,8.09 %,0,0,0,0,541
Davvy Moale,59,1856,4699,525,5,0,6,0,463,0,0,1,612,8,6,1071,41,64,0,14,Interchange,Interchange,South Sydney Rabbitohs,0.24,8.93 %,0.02,10.37,0.04,26.38,542
Jake Simpkin,52,2270,1312,156,4,2,8,4,39,9,1,1,0,6,6,1444,63,92,0,12,Hooker,Forwards,Manly-Warringah Sea Eagles,0.23,9.69 %,0.02,0,0.04,0,543
Dylan Egan,9,429,544,62,3,0,3,1,62,1,0,0,0,1,1,268,11,8,0,0,2nd Row,Forwards,St. George Illawarra Dragons,0.22,6.62 %,0,0,0,0,544
Blake Mozer,9,301,138,20,1,1,2,1,5,3,0,1,0,1,1,193,9,15,0,3,Interchange,Interchange,Brisbane Broncos,0.22,11.06 %,0.11,0,0.27,0,545
Aaron Pene,9,237,686,69,0,0,0,0,56,0,0,0,156,1,1,147,3,10,0,1,Interchange,Interchange,Melbourne Storm,0.22,8.12 %,0,17.33,0,52.66,546
Reuben Porter,9,456,609,72,0,0,2,1,69,0,0,0,13,1,1,229,12,17,0,4,2nd Row,Forwards,Wests Tigers,0.22,11.24 %,0,1.44,0,2.28,547
Bunty Afoa,38,1020,2162,230,1,0,1,0,192,0,0,1,433,4,4,751,20,25,0,10,Prop,Forwards,Warriors,0.21,5.65 %,0.03,11.39,0.08,33.96,548
Cory Paix,38,1588,456,66,5,3,5,3,8,3,0,2,5,4,4,1002,32,27,0,13,Hooker,Forwards,Brisbane Broncos,0.21,5.56 %,0.05,0.13,0.1,0.25,549
Josh Reynolds,10,244,178,27,0,1,0,0,4,9,1,0,0,1,1,99,4,18,0,10,Five-Eighth,Backs,Canterbury-Bankstown Bulldogs,0.2,18.18 %,0,0,0,0,550
Will Smith,5,226,111,20,0,1,0,1,0,17,4,0,0,1,0,46,0,14,0,3,Five-Eighth,Backs,Wests Tigers,0.2,23.33 %,0,0,0,0,551
Dean Matterson,10,174,277,33,1,0,0,0,22,0,0,0,7,1,1,69,4,5,0,1,Interchange,Interchange,Manly-Warringah Sea Eagles,0.2,11.54 %,0,0.7,0,3.22,552
Ryan Gray,5,220,47,6,0,0,0,0,2,1,0,0,0,0,1,174,3,8,0,3,Interchange,Interchange,South Sydney Rabbitohs,0.2,5.95 %,0,0,0,0,553
Joseph Vuna,10,178,311,33,1,0,0,0,30,0,0,1,24,1,1,88,5,8,0,2,Interchange,Interchange,Gold Coast Titans,0.2,12.87 %,0.1,2.4,0.45,10.79,554
Viliami Fifita,5,62,156,16,0,0,0,0,13,0,0,0,37,1,0,44,0,2,0,1,Interchange,Interchange,St. George Illawarra Dragons,0.2,4.35 %,0,7.4,0,47.74,555
Liam Henry,52,1782,4404,500,5,0,2,1,455,1,0,1,503,5,5,1428,33,52,0,18,Interchange,Interchange,Penrith Panthers,0.19,5.62 %,0.02,9.67,0.04,22.58,556
Liam Le Blanc,27,487,970,107,1,0,1,0,101,0,0,0,58,3,2,283,12,23,0,0,Interchange,Interchange,South Sydney Rabbitohs,0.19,11.01 %,0,2.15,0,9.53,557
Peter Mamouzelos,37,1686,1061,141,4,7,3,7,35,6,0,3,4,4,3,990,43,88,0,11,Hooker,Forwards,South Sydney Rabbitohs,0.19,11.69 %,0.08,0.11,0.14,0.19,558
Connor Muhleisen,11,315,81,12,1,0,1,0,5,0,0,0,0,1,1,241,9,14,0,0,Hooker,Forwards,St. George Illawarra Dragons,0.18,8.71 %,0,0,0,0,559
Noah Martin,12,162,195,20,2,0,1,1,18,0,0,2,6,1,1,84,3,6,0,1,Interchange,Interchange,Canberra Raiders,0.17,9.68 %,0.17,0.5,0.99,2.96,560
Josiah Pahulu,23,639,1459,153,1,0,2,0,140,0,0,0,154,2,2,318,19,27,0,1,Interchange,Interchange,Gold Coast Titans,0.17,12.64 %,0,6.7,0,19.28,561
Jacob Laban,24,627,846,107,2,0,1,1,94,1,0,1,102,2,2,335,13,28,0,3,Interchange,Interchange,Warriors,0.17,10.90 %,0.04,4.25,0.13,13.01,562
Loko Pasifiki Tonga,12,281,734,79,1,0,1,1,76,0,0,1,14,1,1,169,6,4,0,0,Interchange,Interchange,St. George Illawarra Dragons,0.17,5.59 %,0.08,1.17,0.28,3.99,563
Brock Gray,6,112,214,23,0,0,0,0,22,0,0,0,14,0,1,90,4,7,0,4,Interchange,Interchange,Gold Coast Titans,0.17,10.89 %,0,2.33,0,10,564
Tyson Smoothy,58,1553,832,103,2,4,3,5,51,15,0,7,25,5,5,1037,33,48,0,5,Interchange,Interchange,Brisbane Broncos,0.17,7.25 %,0.12,0.43,0.36,1.29,565
Bayley Sironen,25,749,932,103,2,2,1,3,90,0,0,1,0,3,1,431,20,41,0,0,Interchange,Interchange,Warriors,0.16,12.40 %,0.04,0,0.11,0,566
Soni Luke,26,650,581,85,1,3,1,1,13,20,1,0,0,3,1,380,20,39,0,5,Interchange,Interchange,Penrith Panthers,0.15,13.44 %,0,0,0,0,567
Lazarus Vaalepu,14,212,426,45,1,0,1,0,42,0,0,0,43,1,1,142,3,3,0,1,Interchange,Interchange,Melbourne Storm,0.14,4.05 %,0,3.07,0,16.23,568
Arama Hau,15,109,184,21,1,1,1,2,21,0,0,0,0,1,1,47,1,7,0,1,Interchange,Interchange,Gold Coast Titans,0.13,14.55 %,0,0,0,0,569
Blake Steep,25,816,1593,189,2,1,3,1,177,0,0,0,86,2,1,524,12,21,0,1,Interchange,Interchange,Sydney Roosters,0.12,5.92 %,0,3.44,0,8.43,570
Chris Lewis,9,144,208,22,0,0,0,0,20,1,0,0,0,1,0,83,4,8,0,1,Interchange,Interchange,Melbourne Storm,0.11,12.63 %,0,0,0,0,571
Thomas Mikaele,35,544,1722,173,0,0,0,0,152,0,0,0,224,2,2,286,12,8,0,1,Interchange,Interchange,North Queensland Cowboys,0.11,6.54 %,0,6.4,0,32.94,572
Iszac Fa'asuamaleaui,33,608,1210,137,1,0,0,1,124,1,0,0,141,2,1,401,18,22,0,5,Interchange,Interchange,Gold Coast Titans,0.09,9.07 %,0,4.27,0,18.55,573
Makahesi Makatoa,43,865,2264,242,1,0,0,0,207,1,0,2,377,2,2,505,16,41,0,4,Interchange,Interchange,Parramatta Eels,0.09,10.14 %,0.05,8.77,0.18,34.87,574
Justin Matamua,23,378,477,60,0,1,0,1,46,0,0,0,0,1,1,219,8,7,0,3,Interchange,Interchange,Wests Tigers,0.09,6.41 %,0,0,0,0,575
Michael Molo,39,1109,2165,248,1,0,1,0,222,0,0,0,151,2,1,723,23,26,0,7,Interchange,Interchange,St. George Illawarra Dragons,0.08,6.35 %,0,3.87,0,10.89,576
Samuel Healey,12,241,316,34,2,0,1,0,9,4,0,1,0,1,0,152,10,9,0,3,Hooker,Forwards,Warriors,0.08,11.11 %,0.08,0,0.33,0,577
Jamayne Taunoa-Brown,22,475,1021,105,0,0,1,0,87,0,0,0,204,1,0,316,4,11,0,4,Interchange,Interchange,North Queensland Cowboys,0.05,4.53 %,0,9.27,0,34.36,578
Chris Vea'ila,6,160,155,21,1,0,1,1,2,0,0,0,0,0,0,35,1,4,0,1,Centre,Backs,Cronulla-Sutherland Sharks,0,12.50 %,0,0,0,0,579
Charlie Murray,6,92,122,14,0,0,0,0,13,0,0,0,0,0,0,75,0,3,0,1,Interchange,Interchange,Wests Tigers,0,3.85 %,0,0,0,0,580
Benjamin Te Kura,11,97,257,30,1,0,1,0,26,0,0,0,44,0,0,60,2,6,0,1,Interchange,Interchange,Brisbane Broncos,0,11.76 %,0,4,0,36.29,581
Ethan King,22,166,188,22,0,1,0,1,2,0,0,0,0,0,0,30,3,5,0,0,Centre,Backs,Sydney Roosters,0,21.05 %,0,0,0,0,582
Jacob Halangahu,6,265,369,39,0,0,0,0,39,0,0,0,0,0,0,148,7,4,0,0,2nd Row,Forwards,St. George Illawarra Dragons,0,6.92 %,0,0,0,0,583
Elijah Salesa-Leaumoana,8,114,250,26,1,0,1,1,23,0,0,1,25,0,0,80,2,7,0,2,Interchange,Interchange,Newcastle Knights,0,10.11 %,0.12,3.12,0.7,17.54,584
Eddie Ieremia-Toeava,12,171,339,36,1,0,2,0,36,0,0,0,0,0,0,102,6,2,0,0,Interchange,Interchange,Warriors,0,7.27 %,0,0,0,0,585
Jayden Berrell,7,56,37,4,0,0,0,0,1,0,0,0,0,0,0,47,0,10,0,0,Interchange,Interchange,Cronulla-Sutherland Sharks,0,17.54 %,0,0,0,0,586
Moses Mbye,17,526,338,43,0,1,1,1,10,10,4,0,0,0,0,277,10,29,0,4,Hooker,Forwards,St. George Illawarra Dragons,0,12.34 %,0,0,0,0,587
JJ Felise,7,86,177,16,0,0,0,0,14,0,0,0,31,0,0,55,4,4,0,0,Interchange,Interchange,Dolphins,0,12.70 %,0,4.43,0,28.84,588
Ben Talty,10,256,663,72,3,0,2,1,66,0,0,0,84,0,0,147,3,9,0,4,Interchange,Interchange,Brisbane Broncos,0,7.55 %,0,8.4,0,26.25,589
Chris Patolo,6,92,212,24,0,0,0,0,15,0,0,0,72,0,0,50,2,4,0,0,Prop,Forwards,Canterbury-Bankstown Bulldogs,0,10.71 %,0,12,0,62.61,590
Hohepa Puru,14,150,291,34,0,0,0,0,28,0,0,1,22,0,0,91,4,10,0,1,Interchange,Interchange,Cronulla-Sutherland Sharks,0,13.33 %,0.07,1.57,0.53,11.73,591
Lipoi Hopoi,16,249,748,86,1,0,0,0,81,0,0,1,68,0,0,134,5,17,0,1,Interchange,Interchange,Canterbury-Bankstown Bulldogs,0,14.10 %,0.06,4.25,0.32,21.85,592
Peter Hola,7,64,103,10,0,0,0,0,10,0,0,0,0,0,0,34,1,2,0,1,Interchange,Interchange,Canberra Raiders,0,8.11 %,0,0,0,0,593
